Entity,Code,Year,"Incidence of malaria (per 1,000 population at risk)"
Afghanistan,AFG,2000,81.96956
Afghanistan,AFG,2001,78.83207
Afghanistan,AFG,2002,79.38579
Afghanistan,AFG,2003,68.09156
Afghanistan,AFG,2004,37.616467
Afghanistan,AFG,2005,27.079071
Afghanistan,AFG,2006,20.526075
Afghanistan,AFG,2007,21.667768
Afghanistan,AFG,2008,18.855179
Afghanistan,AFG,2009,12.563668
Afghanistan,AFG,2010,12.9804735
Afghanistan,AFG,2011,15.607242
Afghanistan,AFG,2012,9.186411
Afghanistan,AFG,2013,11.242145
Afghanistan,AFG,2014,12.40709
Afghanistan,AFG,2015,13.881859
Afghanistan,AFG,2016,26.883331
Afghanistan,AFG,2017,28.554148
Afghanistan,AFG,2018,22.109772
Afghanistan,AFG,2019,14.100894
Afghanistan,AFG,2020,8.436813
Algeria,DZA,2000,0.01864627
Algeria,DZA,2001,0.0032477004
Algeria,DZA,2002,0.0053442526
Algeria,DZA,2003,0.0026382497
Algeria,DZA,2004,0.0010414838
Algeria,DZA,2005,0.00051355426
Algeria,DZA,2006,0.00050605444
Algeria,DZA,2007,0.012954872
Algeria,DZA,2008,0.0014705341
Algeria,DZA,2009,0
Algeria,DZA,2010,0.00047319022
Algeria,DZA,2011,0.00046436206
Algeria,DZA,2012,0.025046336
Algeria,DZA,2013,0.003570869
Algeria,DZA,2014,0
Algeria,DZA,2015,0
Algeria,DZA,2016,0
Algeria,DZA,2017,0
Algeria,DZA,2018,0
Algeria,DZA,2019,0
Algeria,DZA,2020,0
Angola,AGO,2000,325.7036
Angola,AGO,2001,326.6507
Angola,AGO,2002,309.12094
Angola,AGO,2003,313.731
Angola,AGO,2004,313.73257
Angola,AGO,2005,316.02213
Angola,AGO,2006,301.36295
Angola,AGO,2007,274.3327
Angola,AGO,2008,233.454
Angola,AGO,2009,196.81268
Angola,AGO,2010,172.71906
Angola,AGO,2011,157.17276
Angola,AGO,2012,154.21632
Angola,AGO,2013,160.69835
Angola,AGO,2014,166.77966
Angola,AGO,2015,176.68355
Angola,AGO,2016,189.45218
Angola,AGO,2017,208.94876
Angola,AGO,2018,214.24721
Angola,AGO,2019,227.25374
Angola,AGO,2020,251.58232
Argentina,ARG,2000,2.3867254
Argentina,ARG,2001,1.1535696
Argentina,ARG,2002,0.66345376
Argentina,ARG,2003,0.65112716
Argentina,ARG,2004,0.6027258
Argentina,ARG,2005,1.1878805
Argentina,ARG,2006,0.8755453
Argentina,ARG,2007,1.6530508
Argentina,ARG,2008,0.52395207
Argentina,ARG,2009,0.45451626
Argentina,ARG,2010,0.26408708
Argentina,ARG,2011,0
Argentina,ARG,2012,0
Argentina,ARG,2013,0
Argentina,ARG,2014,0
Argentina,ARG,2015,0
Argentina,ARG,2016,0
Argentina,ARG,2017,0
Argentina,ARG,2018,0
Argentina,ARG,2019,0
Argentina,ARG,2020,0
Armenia,ARM,2000,0.045934368
Armenia,ARM,2001,0.025895815
Armenia,ARM,2002,0.017139226
Armenia,ARM,2003,0.00960921
Armenia,ARM,2004,0.015662933
Armenia,ARM,2005,0.002347999
Armenia,ARM,2007,0
Armenia,ARM,2008,0
Armenia,ARM,2010,0
Armenia,ARM,2012,0
Armenia,ARM,2014,0
Armenia,ARM,2015,0
Armenia,ARM,2016,0
Armenia,ARM,2017,0
Armenia,ARM,2018,0
Armenia,ARM,2019,0
Azerbaijan,AZE,2000,8.1681595
Azerbaijan,AZE,2001,5.5904145
Azerbaijan,AZE,2002,2.6527011
Azerbaijan,AZE,2003,2.495944
Azerbaijan,AZE,2004,1.986363
Azerbaijan,AZE,2005,1.2322545
Azerbaijan,AZE,2006,0.7103525
Azerbaijan,AZE,2007,0.5382319
Azerbaijan,AZE,2008,0.3548511
Azerbaijan,AZE,2009,0.38000584
Azerbaijan,AZE,2010,0.24067852
Azerbaijan,AZE,2011,0.01901466
Azerbaijan,AZE,2012,0.014078757
Azerbaijan,AZE,2013,0
Azerbaijan,AZE,2014,0
Azerbaijan,AZE,2015,0
Azerbaijan,AZE,2016,0
Azerbaijan,AZE,2017,0
Azerbaijan,AZE,2018,0
Azerbaijan,AZE,2019,0
Bangladesh,BGD,2000,6.879264
Bangladesh,BGD,2001,6.879253
Bangladesh,BGD,2002,6.8792186
Bangladesh,BGD,2003,6.8792634
Bangladesh,BGD,2004,6.8792233
Bangladesh,BGD,2005,6.879241
Bangladesh,BGD,2006,4.523055
Bangladesh,BGD,2007,8.274756
Bangladesh,BGD,2008,7.8006577
Bangladesh,BGD,2009,5.1367984
Bangladesh,BGD,2010,4.3675046
Bangladesh,BGD,2011,3.9518197
Bangladesh,BGD,2012,2.1785796
Bangladesh,BGD,2013,1.9233632
Bangladesh,BGD,2014,3.9887443
Bangladesh,BGD,2015,2.7066631
Bangladesh,BGD,2016,1.8614515
Bangladesh,BGD,2017,1.9411247
Bangladesh,BGD,2018,0.7144076
Bangladesh,BGD,2019,1.2093071
Bangladesh,BGD,2020,0.4260533
Belize,BLZ,2000,8.708239
Belize,BLZ,2001,6.6024227
Belize,BLZ,2002,6.263567
Belize,BLZ,2003,7.1219172
Belize,BLZ,2004,5.587119
Belize,BLZ,2005,7.910326
Belize,BLZ,2006,4.1985245
Belize,BLZ,2007,4.095361
Belize,BLZ,2008,2.5506952
Belize,BLZ,2009,1.1791203
Belize,BLZ,2010,0.6741573
Belize,BLZ,2011,0.31598073
Belize,BLZ,2012,0.1414973
Belize,BLZ,2013,0.08384444
Belize,BLZ,2014,0.0779257
Belize,BLZ,2015,0.036139064
Belize,BLZ,2016,0.01573595
Belize,BLZ,2017,0.026997423
Belize,BLZ,2018,0.011349965
Belize,BLZ,2019,0
Belize,BLZ,2020,0
Benin,BEN,2000,423.34268
Benin,BEN,2001,432.80173
Benin,BEN,2002,448.66232
Benin,BEN,2003,460.23697
Benin,BEN,2004,479.13348
Benin,BEN,2005,486.09503
Benin,BEN,2006,485.58646
Benin,BEN,2007,482.00406
Benin,BEN,2008,467.39435
Benin,BEN,2009,442.7175
Benin,BEN,2010,416.3781
Benin,BEN,2011,387.1201
Benin,BEN,2012,365.442
Benin,BEN,2013,359.51663
Benin,BEN,2014,364.2459
Benin,BEN,2015,386.13547
Benin,BEN,2016,418.4943
Benin,BEN,2017,422.17825
Benin,BEN,2018,409.78464
Benin,BEN,2019,401.29984
Benin,BEN,2020,388.30695
Bhutan,BTN,2000,13.570367
Bhutan,BTN,2001,13.391687
Bhutan,BTN,2002,14.282956
Bhutan,BTN,2003,8.191976
Bhutan,BTN,2004,5.6481876
Bhutan,BTN,2005,3.801529
Bhutan,BTN,2006,3.8398447
Bhutan,BTN,2007,1.611769
Bhutan,BTN,2008,0.6619825
Bhutan,BTN,2009,2.105733
Bhutan,BTN,2010,0.8595011
Bhutan,BTN,2011,0.3781389
Bhutan,BTN,2012,0.15794441
Bhutan,BTN,2013,0.02854028
Bhutan,BTN,2014,0.03570764
Bhutan,BTN,2015,0.06312264
Bhutan,BTN,2016,0.027514758
Bhutan,BTN,2017,0.019937795
Bhutan,BTN,2018,0.0107478155
Bhutan,BTN,2019,0.0035417725
Bhutan,BTN,2020,0.038529437
Bolivia,BOL,2000,11.952242
Bolivia,BOL,2001,5.736527
Bolivia,BOL,2002,4.9839196
Bolivia,BOL,2003,6.823251
Bolivia,BOL,2004,4.9111004
Bolivia,BOL,2005,6.5170207
Bolivia,BOL,2006,6.0392737
Bolivia,BOL,2007,4.565794
Bolivia,BOL,2008,2.9952388
Bolivia,BOL,2009,2.9756277
Bolivia,BOL,2010,4.0930104
Bolivia,BOL,2011,2.0892196
Bolivia,BOL,2012,2.1342216
Bolivia,BOL,2013,2.2802737
Bolivia,BOL,2014,2.2634323
Bolivia,BOL,2015,1.8889654
Bolivia,BOL,2016,1.5005577
Bolivia,BOL,2017,1.2200019
Bolivia,BOL,2018,1.4054731
Bolivia,BOL,2019,2.4226768
Bolivia,BOL,2020,3.1168666
Botswana,BWA,2000,17.573263
Botswana,BWA,2001,6.9334173
Botswana,BWA,2002,3.2411914
Botswana,BWA,2003,1.6193234
Botswana,BWA,2004,1.039715
Botswana,BWA,2005,1.2290903
Botswana,BWA,2006,3.944389
Botswana,BWA,2007,1.0390939
Botswana,BWA,2008,1.934603
Botswana,BWA,2009,2.0994065
Botswana,BWA,2010,1.6919549
Botswana,BWA,2011,0.51041293
Botswana,BWA,2012,0.22482197
Botswana,BWA,2013,0.5294604
Botswana,BWA,2014,1.4970622
Botswana,BWA,2015,0.3229037
Botswana,BWA,2016,0.91830444
Botswana,BWA,2017,1.9973719
Botswana,BWA,2018,0.53733903
Botswana,BWA,2019,0.16826981
Botswana,BWA,2020,1.1282295
Brazil,BRA,2000,21.440466
Brazil,BRA,2001,12.985922
Brazil,BRA,2002,11.172658
Brazil,BRA,2003,12.616781
Brazil,BRA,2004,13.833817
Brazil,BRA,2005,17.422174
Brazil,BRA,2006,15.293561
Brazil,BRA,2007,13.848828
Brazil,BRA,2008,8.611478
Brazil,BRA,2009,8.355353
Brazil,BRA,2010,9.816872
Brazil,BRA,2011,7.0836964
Brazil,BRA,2012,6.379754
Brazil,BRA,2013,4.8438525
Brazil,BRA,2014,3.5615964
Brazil,BRA,2015,3.9652581
Brazil,BRA,2016,3.1545646
Brazil,BRA,2017,5.2360888
Brazil,BRA,2018,5.1458445
Brazil,BRA,2019,4.169917
Brazil,BRA,2020,3.8725078
Burkina Faso,BFA,2000,603.211
Burkina Faso,BFA,2001,601.93774
Burkina Faso,BFA,2002,595.85205
Burkina Faso,BFA,2003,585.1233
Burkina Faso,BFA,2004,562.4113
Burkina Faso,BFA,2005,533.8451
Burkina Faso,BFA,2006,518.0737
Burkina Faso,BFA,2007,526.3096
Burkina Faso,BFA,2008,555.74347
Burkina Faso,BFA,2009,571.9709
Burkina Faso,BFA,2010,571.2892
Burkina Faso,BFA,2011,557.088
Burkina Faso,BFA,2012,534.1525
Burkina Faso,BFA,2013,487.19907
Burkina Faso,BFA,2014,448.0787
Burkina Faso,BFA,2015,423.61694
Burkina Faso,BFA,2016,382.6315
Burkina Faso,BFA,2017,369.67023
Burkina Faso,BFA,2018,369.20798
Burkina Faso,BFA,2019,366.08148
Burkina Faso,BFA,2020,389.924
Burundi,BDI,2000,477.77075
Burundi,BDI,2001,468.93777
Burundi,BDI,2002,430.5758
Burundi,BDI,2003,383.65033
Burundi,BDI,2004,331.5455
Burundi,BDI,2005,292.63596
Burundi,BDI,2006,261.97888
Burundi,BDI,2007,223.52283
Burundi,BDI,2008,197.28249
Burundi,BDI,2009,174.82785
Burundi,BDI,2010,169.3152
Burundi,BDI,2011,164.90445
Burundi,BDI,2012,164.60863
Burundi,BDI,2013,170.30415
Burundi,BDI,2014,176.21698
Burundi,BDI,2015,194.27287
Burundi,BDI,2016,228.89946
Burundi,BDI,2017,250.05731
Burundi,BDI,2018,288.4431
Burundi,BDI,2019,297.13568
Burundi,BDI,2020,294.86868
Cambodia,KHM,2000,77.839
Cambodia,KHM,2001,44.30432
Cambodia,KHM,2002,39.05086
Cambodia,KHM,2003,51.134132
Cambodia,KHM,2004,43.622627
Cambodia,KHM,2005,41.409927
Cambodia,KHM,2006,45.951244
Cambodia,KHM,2007,19.760035
Cambodia,KHM,2008,21.885502
Cambodia,KHM,2009,42.76845
Cambodia,KHM,2010,34.90538
Cambodia,KHM,2011,35.789307
Cambodia,KHM,2012,24.875751
Cambodia,KHM,2013,15.885426
Cambodia,KHM,2014,22.259722
Cambodia,KHM,2015,19.936678
Cambodia,KHM,2016,11.133601
Cambodia,KHM,2017,17.903324
Cambodia,KHM,2018,23.692944
Cambodia,KHM,2019,12.014375
Cambodia,KHM,2020,5.8473434
Cameroon,CMR,2000,403.7315
Cameroon,CMR,2001,407.10324
Cameroon,CMR,2002,401.98807
Cameroon,CMR,2003,416.4662
Cameroon,CMR,2004,433.27554
Cameroon,CMR,2005,431.84485
Cameroon,CMR,2006,419.12903
Cameroon,CMR,2007,399.7881
Cameroon,CMR,2008,363.44778
Cameroon,CMR,2009,315.4641
Cameroon,CMR,2010,290.87033
Cameroon,CMR,2011,268.44287
Cameroon,CMR,2012,258.0286
Cameroon,CMR,2013,262.1034
Cameroon,CMR,2014,261.8996
Cameroon,CMR,2015,261.29852
Cameroon,CMR,2016,257.612
Cameroon,CMR,2017,250.56885
Cameroon,CMR,2018,247.33476
Cameroon,CMR,2019,244.10309
Cameroon,CMR,2020,259.95816
Cape Verde,CPV,2000,1.2934984
Cape Verde,CPV,2001,0.94454545
Cape Verde,CPV,2002,0.65990555
Cape Verde,CPV,2003,0.58129597
Cape Verde,CPV,2004,0.37904313
Cape Verde,CPV,2005,0.5648404
Cape Verde,CPV,2006,0.6558237
Cape Verde,CPV,2007,0.14572893
Cape Verde,CPV,2008,0.27995744
Cape Verde,CPV,2009,0.5137
Cape Verde,CPV,2010,0.36693808
Cape Verde,CPV,2011,0.053969454
Cape Verde,CPV,2012,0.0076125516
Cape Verde,CPV,2013,0.16534889
Cape Verde,CPV,2014,0.19294848
Cape Verde,CPV,2015,0.05130761
Cape Verde,CPV,2016,0.34758428
Cape Verde,CPV,2017,3.0268552
Cape Verde,CPV,2018,0.014146472
Cape Verde,CPV,2019,0
Cape Verde,CPV,2020,0
Central African Republic,CAF,2000,441.96426
Central African Republic,CAF,2001,433.93634
Central African Republic,CAF,2002,434.42502
Central African Republic,CAF,2003,438.87396
Central African Republic,CAF,2004,446.47128
Central African Republic,CAF,2005,444.80585
Central African Republic,CAF,2006,440.10468
Central African Republic,CAF,2007,432.30496
Central African Republic,CAF,2008,422.8061
Central African Republic,CAF,2009,409.57684
Central African Republic,CAF,2010,395.60178
Central African Republic,CAF,2011,385.812
Central African Republic,CAF,2012,377.7249
Central African Republic,CAF,2013,371.19028
Central African Republic,CAF,2014,362.6548
Central African Republic,CAF,2015,346.44287
Central African Republic,CAF,2016,334.1203
Central African Republic,CAF,2017,328.6994
Central African Republic,CAF,2018,324.6672
Central African Republic,CAF,2019,322.87274
Central African Republic,CAF,2020,335.99448
Chad,TCD,2000,267.05185
Chad,TCD,2001,268.38245
Chad,TCD,2002,233.8405
Chad,TCD,2003,228.38148
Chad,TCD,2004,221.90968
Chad,TCD,2005,223.1305
Chad,TCD,2006,225.94951
Chad,TCD,2007,226.15398
Chad,TCD,2008,227.21915
Chad,TCD,2009,233.78409
Chad,TCD,2010,233.51837
Chad,TCD,2011,217.64247
Chad,TCD,2012,202.39032
Chad,TCD,2013,190.39308
Chad,TCD,2014,188.70973
Chad,TCD,2015,189.65726
Chad,TCD,2016,192.73192
Chad,TCD,2017,196.32109
Chad,TCD,2018,206.10521
Chad,TCD,2019,203.2612
Chad,TCD,2020,206.27835
China,CHN,2000,0.01478783
China,CHN,2001,0.03887478
China,CHN,2002,0.04642098
China,CHN,2003,0.051512312
China,CHN,2004,0.048883956
China,CHN,2005,0.0392001
China,CHN,2006,0.06286952
China,CHN,2007,0.051774472
China,CHN,2008,0.02925243
China,CHN,2009,0.016225109
China,CHN,2010,0.008669177
China,CHN,2011,0.0022596938
China,CHN,2012,0.00041918218
China,CHN,2013,0.00014180288
China,CHN,2014,0.00009005789
China,CHN,2015,0.00006591968
China,CHN,2016,0.0000016816067
China,CHN,2017,0
China,CHN,2018,0
China,CHN,2019,0
China,CHN,2020,0
Colombia,COL,2000,24.017294
Colombia,COL,2001,37.36693
Colombia,COL,2002,32.204586
Colombia,COL,2003,27.680838
Colombia,COL,2004,21.198053
Colombia,COL,2005,17.676645
Colombia,COL,2006,17.295454
Colombia,COL,2007,17.886002
Colombia,COL,2008,11.223759
Colombia,COL,2009,11.1590395
Colombia,COL,2010,16.436918
Colombia,COL,2011,8.915572
Colombia,COL,2012,8.25198
Colombia,COL,2013,7.028226
Colombia,COL,2014,5.484037
Colombia,COL,2015,8.064275
Colombia,COL,2016,10.834023
Colombia,COL,2017,7.477085
Colombia,COL,2018,8.534024
Colombia,COL,2019,10.746054
Colombia,COL,2020,9.409265
Comoros,COM,2000,65.10275
Comoros,COM,2001,63.564163
Comoros,COM,2002,62.068905
Comoros,COM,2003,60.60736
Comoros,COM,2004,59.176533
Comoros,COM,2005,57.773964
Comoros,COM,2006,56.402424
Comoros,COM,2007,55.060284
Comoros,COM,2008,53.748554
Comoros,COM,2009,52.464832
Comoros,COM,2010,52.976963
Comoros,COM,2011,35.177998
Comoros,COM,2012,68.852615
Comoros,COM,2013,71.68606
Comoros,COM,2014,2.9010127
Comoros,COM,2015,1.6721655
Comoros,COM,2016,1.436657
Comoros,COM,2017,3.9685953
Comoros,COM,2018,18.245342
Comoros,COM,2019,20.683025
Comoros,COM,2020,5.2277207
Congo,COG,2000,355.36096
Congo,COG,2001,351.2755
Congo,COG,2002,319.89328
Congo,COG,2003,314.45633
Congo,COG,2004,308.72836
Congo,COG,2005,287.13403
Congo,COG,2006,263.65482
Congo,COG,2007,241.40668
Congo,COG,2008,219.01804
Congo,COG,2009,206.18565
Congo,COG,2010,201.1333
Congo,COG,2011,198.482
Congo,COG,2012,195.69168
Congo,COG,2013,193.94919
Congo,COG,2014,186.5
Congo,COG,2015,184.01419
Congo,COG,2016,190.02405
Congo,COG,2017,205.83868
Congo,COG,2018,217.63234
Congo,COG,2019,215.91713
Congo,COG,2020,213.17712
Costa Rica,CRI,2000,1.3548895
Costa Rica,CRI,2001,0.9653487
Costa Rica,CRI,2002,0.71133864
Costa Rica,CRI,2003,0.4926521
Costa Rica,CRI,2004,0.87165034
Costa Rica,CRI,2005,2.360783
Costa Rica,CRI,2006,1.9087421
Costa Rica,CRI,2007,0.79332185
Costa Rica,CRI,2008,0.6184011
Costa Rica,CRI,2009,0.16558614
Costa Rica,CRI,2010,0.06866078
Costa Rica,CRI,2011,0.006166825
Costa Rica,CRI,2012,0.0036567505
Costa Rica,CRI,2013,0
Costa Rica,CRI,2014,0
Costa Rica,CRI,2015,0
Costa Rica,CRI,2016,0.0023326785
Costa Rica,CRI,2017,0.006926471
Costa Rica,CRI,2018,0.04000446
Costa Rica,CRI,2019,0.053774215
Costa Rica,CRI,2020,0.05047845
Cote d'Ivoire,CIV,2000,510.66962
Cote d'Ivoire,CIV,2001,521.9457
Cote d'Ivoire,CIV,2002,523.0781
Cote d'Ivoire,CIV,2003,521.56537
Cote d'Ivoire,CIV,2004,515.90027
Cote d'Ivoire,CIV,2005,486.07794
Cote d'Ivoire,CIV,2006,475.74176
Cote d'Ivoire,CIV,2007,471.28616
Cote d'Ivoire,CIV,2008,477.93082
Cote d'Ivoire,CIV,2009,485.2529
Cote d'Ivoire,CIV,2010,481.8617
Cote d'Ivoire,CIV,2011,466.61203
Cote d'Ivoire,CIV,2012,382.51038
Cote d'Ivoire,CIV,2013,294.24957
Cote d'Ivoire,CIV,2014,265.47324
Cote d'Ivoire,CIV,2015,247.73557
Cote d'Ivoire,CIV,2016,251.31221
Cote d'Ivoire,CIV,2017,259.98398
Cote d'Ivoire,CIV,2018,272.33597
Cote d'Ivoire,CIV,2019,281.1871
Cote d'Ivoire,CIV,2020,287.04684
Democratic Republic of Congo,COD,2000,469.52374
Democratic Republic of Congo,COD,2001,469.83414
Democratic Republic of Congo,COD,2002,470.338
Democratic Republic of Congo,COD,2003,474.5093
Democratic Republic of Congo,COD,2004,481.2416
Democratic Republic of Congo,COD,2005,481.68906
Democratic Republic of Congo,COD,2006,473.91406
Democratic Republic of Congo,COD,2007,464.0551
Democratic Republic of Congo,COD,2008,444.96344
Democratic Republic of Congo,COD,2009,413.96725
Democratic Republic of Congo,COD,2010,389.91272
Democratic Republic of Congo,COD,2011,365.71906
Democratic Republic of Congo,COD,2012,345.52396
Democratic Republic of Congo,COD,2013,326.4921
Democratic Republic of Congo,COD,2014,307.50467
Democratic Republic of Congo,COD,2015,295.76355
Democratic Republic of Congo,COD,2016,297.48053
Democratic Republic of Congo,COD,2017,308.21042
Democratic Republic of Congo,COD,2018,320.87888
Democratic Republic of Congo,COD,2019,320.67468
Democratic Republic of Congo,COD,2020,324.20743
Djibouti,DJI,2000,3.4044135
Djibouti,DJI,2001,3.405463
Djibouti,DJI,2002,3.4044452
Djibouti,DJI,2003,3.4054923
Djibouti,DJI,2004,3.4045525
Djibouti,DJI,2005,3.4049914
Djibouti,DJI,2006,3.4052138
Djibouti,DJI,2007,3.4054768
Djibouti,DJI,2008,3.4040885
Djibouti,DJI,2009,4.3266892
Djibouti,DJI,2010,1.6029787
Djibouti,DJI,2011,3.405271
Djibouti,DJI,2012,3.4053626
Djibouti,DJI,2013,2.5422666
Djibouti,DJI,2014,14.005323
Djibouti,DJI,2015,13.820622
Djibouti,DJI,2016,19.837448
Djibouti,DJI,2017,20.72178
Djibouti,DJI,2018,34.54941
Djibouti,DJI,2019,67.665726
Djibouti,DJI,2020,97.62431
Dominican Republic,DOM,2000,0.32660618
Dominican Republic,DOM,2001,0.27764407
Dominican Republic,DOM,2002,0.35061145
Dominican Republic,DOM,2003,0.406775
Dominican Republic,DOM,2004,0.6161872
Dominican Republic,DOM,2005,0.98783606
Dominican Republic,DOM,2006,0.8930975
Dominican Republic,DOM,2007,0.67612386
Dominican Republic,DOM,2008,0.45396096
Dominican Republic,DOM,2009,0.40094355
Dominican Republic,DOM,2010,0.59959584
Dominican Republic,DOM,2011,0.38628632
Dominican Republic,DOM,2012,0.22522247
Dominican Republic,DOM,2013,0.11075452
Dominican Republic,DOM,2014,0.10108614
Dominican Republic,DOM,2015,0.13737448
Dominican Republic,DOM,2016,0.14858706
Dominican Republic,DOM,2017,0.07252845
Dominican Republic,DOM,2018,0.091225214
Dominican Republic,DOM,2019,0.26913568
Dominican Republic,DOM,2020,0.17053702
East Asia and Pacific (WB),,2000,6.1247025
East Asia and Pacific (WB),,2001,5.7631054
East Asia and Pacific (WB),,2002,5.378639
East Asia and Pacific (WB),,2003,5.403349
East Asia and Pacific (WB),,2004,5.7817154
East Asia and Pacific (WB),,2005,5.343562
East Asia and Pacific (WB),,2006,5.2821946
East Asia and Pacific (WB),,2007,4.6882763
East Asia and Pacific (WB),,2008,4.8096375
East Asia and Pacific (WB),,2009,5.2224765
East Asia and Pacific (WB),,2010,5.9089317
East Asia and Pacific (WB),,2011,4.6722593
East Asia and Pacific (WB),,2012,5.281903
East Asia and Pacific (WB),,2013,3.9172795
East Asia and Pacific (WB),,2014,3.5242388
East Asia and Pacific (WB),,2015,2.5091536
East Asia and Pacific (WB),,2016,2.6426902
East Asia and Pacific (WB),,2017,2.3329597
East Asia and Pacific (WB),,2018,2.2149706
East Asia and Pacific (WB),,2019,1.9921602
East Asia and Pacific (WB),,2020,2.3392897
East Timor,TLS,2000,151.88144
East Timor,TLS,2001,151.88179
East Timor,TLS,2002,120.2537
East Timor,TLS,2003,75.804504
East Timor,TLS,2004,256.04712
East Timor,TLS,2005,164.27315
East Timor,TLS,2006,171.85199
East Timor,TLS,2007,117.66619
East Timor,TLS,2008,135.16078
East Timor,TLS,2009,102.18572
East Timor,TLS,2010,99.74107
East Timor,TLS,2011,31.296236
East Timor,TLS,2012,7.2635202
East Timor,TLS,2013,1.5599099
East Timor,TLS,2014,0.51427335
East Timor,TLS,2015,0.09776691
East Timor,TLS,2016,0.09766715
East Timor,TLS,2017,0.018814724
East Timor,TLS,2018,0
East Timor,TLS,2019,0
East Timor,TLS,2020,0.0032257882
Ecuador,ECU,2000,282.86972
Ecuador,ECU,2001,289.37936
Ecuador,ECU,2002,226.51958
Ecuador,ECU,2003,133.6398
Ecuador,ECU,2004,72.51425
Ecuador,ECU,2005,42.319874
Ecuador,ECU,2006,24.0743
Ecuador,ECU,2007,19.6687
Ecuador,ECU,2008,11.547061
Ecuador,ECU,2009,9.583626
Ecuador,ECU,2010,4.3161883
Ecuador,ECU,2011,2.741971
Ecuador,ECU,2012,1.2064358
Ecuador,ECU,2013,0.80399376
Ecuador,ECU,2014,0.52061373
Ecuador,ECU,2015,1.3081635
Ecuador,ECU,2016,2.478405
Ecuador,ECU,2017,2.6066957
Ecuador,ECU,2018,3.3203573
Ecuador,ECU,2019,3.5613549
Ecuador,ECU,2020,3.7617824
Egypt,EGY,2000,0
Egypt,EGY,2001,0
Egypt,EGY,2002,0
Egypt,EGY,2003,0
Egypt,EGY,2004,0
Egypt,EGY,2005,0
Egypt,EGY,2006,0
Egypt,EGY,2007,0
Egypt,EGY,2008,0
Egypt,EGY,2009,0
Egypt,EGY,2010,0
Egypt,EGY,2011,0
Egypt,EGY,2012,0
Egypt,EGY,2013,0
Egypt,EGY,2014,0
Egypt,EGY,2015,0
Egypt,EGY,2016,0
Egypt,EGY,2017,0
Egypt,EGY,2018,0
Egypt,EGY,2019,0
Egypt,EGY,2020,0
El Salvador,SLV,2000,0.6299943
El Salvador,SLV,2001,0.3008691
El Salvador,SLV,2002,0.09666913
El Salvador,SLV,2003,0.06985553
El Salvador,SLV,2004,0.09159074
El Salvador,SLV,2005,0.054534458
El Salvador,SLV,2006,0.0397045
El Salvador,SLV,2007,0.032271624
El Salvador,SLV,2008,0.02651139
El Salvador,SLV,2009,0.016799893
El Salvador,SLV,2010,0.013542288
El Salvador,SLV,2011,0.005552273
El Salvador,SLV,2012,0.010266146
El Salvador,SLV,2013,0.004716933
El Salvador,SLV,2014,0.0046951664
El Salvador,SLV,2015,0.0038940841
El Salvador,SLV,2016,0.009300198
El Salvador,SLV,2017,0
El Salvador,SLV,2018,0
El Salvador,SLV,2019,0
El Salvador,SLV,2020,0
Equatorial Guinea,GNQ,2000,388.12894
Equatorial Guinea,GNQ,2001,389.03717
Equatorial Guinea,GNQ,2002,388.9439
Equatorial Guinea,GNQ,2003,392.42722
Equatorial Guinea,GNQ,2004,394.42416
Equatorial Guinea,GNQ,2005,396.47937
Equatorial Guinea,GNQ,2006,392.6034
Equatorial Guinea,GNQ,2007,385.91507
Equatorial Guinea,GNQ,2008,358.8197
Equatorial Guinea,GNQ,2009,327.20563
Equatorial Guinea,GNQ,2010,312.49734
Equatorial Guinea,GNQ,2011,310.30508
Equatorial Guinea,GNQ,2012,328.21176
Equatorial Guinea,GNQ,2013,347.71167
Equatorial Guinea,GNQ,2014,345.01855
Equatorial Guinea,GNQ,2015,333.6491
Equatorial Guinea,GNQ,2016,319.90295
Equatorial Guinea,GNQ,2017,296.21683
Equatorial Guinea,GNQ,2018,265.81134
Equatorial Guinea,GNQ,2019,246.2953
Equatorial Guinea,GNQ,2020,240.83792
Eritrea,ERI,2000,18.342245
Eritrea,ERI,2001,22.933641
Eritrea,ERI,2002,13.229431
Eritrea,ERI,2003,19.027502
Eritrea,ERI,2004,5.549287
Eritrea,ERI,2005,9.7925005
Eritrea,ERI,2006,5.632907
Eritrea,ERI,2007,12.537127
Eritrea,ERI,2008,6.780437
Eritrea,ERI,2009,8.86433
Eritrea,ERI,2010,26.327917
Eritrea,ERI,2011,23.857729
Eritrea,ERI,2012,16.148098
Eritrea,ERI,2013,15.026575
Eritrea,ERI,2014,33.12422
Eritrea,ERI,2015,19.151506
Eritrea,ERI,2016,25.63587
Eritrea,ERI,2017,33.96765
Eritrea,ERI,2018,28.879774
Eritrea,ERI,2019,57.2992
Eritrea,ERI,2020,44.80256
Eswatini,SWZ,2000,2.8132992
Eswatini,SWZ,2001,4.9152603
Eswatini,SWZ,2002,2.348117
Eswatini,SWZ,2003,1.1942091
Eswatini,SWZ,2004,1.9974945
Eswatini,SWZ,2005,0.9668666
Eswatini,SWZ,2006,0.53428745
Eswatini,SWZ,2007,0.2877284
Eswatini,SWZ,2008,0.19728898
Eswatini,SWZ,2009,0.35800046
Eswatini,SWZ,2010,0.89886135
Eswatini,SWZ,2011,1.2626263
Eswatini,SWZ,2012,1.3534129
Eswatini,SWZ,2013,2.39225
Eswatini,SWZ,2014,1.2687292
Eswatini,SWZ,2015,1.0286934
Eswatini,SWZ,2016,0.8014927
Eswatini,SWZ,2017,1.3970649
Eswatini,SWZ,2018,2.156175
Eswatini,SWZ,2019,0.74344355
Eswatini,SWZ,2020,0.7172651
Ethiopia,ETH,2000,222.32654
Ethiopia,ETH,2001,231.74075
Ethiopia,ETH,2002,205.86285
Ethiopia,ETH,2003,217.67104
Ethiopia,ETH,2004,222.27454
Ethiopia,ETH,2005,152.03925
Ethiopia,ETH,2006,141.754
Ethiopia,ETH,2007,121.48373
Ethiopia,ETH,2008,100.63729
Ethiopia,ETH,2009,135.90376
Ethiopia,ETH,2010,155.28339
Ethiopia,ETH,2011,155.21523
Ethiopia,ETH,2012,174.57854
Ethiopia,ETH,2013,191.60649
Ethiopia,ETH,2014,158.77763
Ethiopia,ETH,2015,133.78502
Ethiopia,ETH,2016,92.28263
Ethiopia,ETH,2017,67.052376
Ethiopia,ETH,2018,37.608944
Ethiopia,ETH,2019,34.707653
Ethiopia,ETH,2020,54.126186
Gabon,GAB,2000,324.1406
Gabon,GAB,2001,306.8502
Gabon,GAB,2002,274.96487
Gabon,GAB,2003,231.6625
Gabon,GAB,2004,177.57729
Gabon,GAB,2005,142.30772
Gabon,GAB,2006,120.26621
Gabon,GAB,2007,109.87019
Gabon,GAB,2008,117.102104
Gabon,GAB,2009,142.8494
Gabon,GAB,2010,172.402
Gabon,GAB,2011,201.087
Gabon,GAB,2012,226.08287
Gabon,GAB,2013,241.24222
Gabon,GAB,2014,259.92023
Gabon,GAB,2015,253.92542
Gabon,GAB,2016,230.27698
Gabon,GAB,2017,218.92114
Gabon,GAB,2018,209.36972
Gabon,GAB,2019,206.64758
Gabon,GAB,2020,215.46344
Gambia,GMB,2000,373.1707
Gambia,GMB,2001,361.46667
Gambia,GMB,2002,350.23853
Gambia,GMB,2003,339.53687
Gambia,GMB,2004,329.34586
Gambia,GMB,2005,319.60394
Gambia,GMB,2006,310.2208
Gambia,GMB,2007,301.11182
Gambia,GMB,2008,292.2237
Gambia,GMB,2009,283.54395
Gambia,GMB,2010,275.08716
Gambia,GMB,2011,256.4056
Gambia,GMB,2012,275.058
Gambia,GMB,2013,292.6983
Gambia,GMB,2014,150.05704
Gambia,GMB,2015,215.96799
Gambia,GMB,2016,138.22218
Gambia,GMB,2017,66.8761
Gambia,GMB,2018,85.96934
Gambia,GMB,2019,46.8438
Gambia,GMB,2020,87.26782
Georgia,GEO,2000,5.616561
Georgia,GEO,2001,10.193396
Georgia,GEO,2002,11.13068
Georgia,GEO,2003,7.4547644
Georgia,GEO,2004,6.081689
Georgia,GEO,2005,3.6816227
Georgia,GEO,2006,1.4082154
Georgia,GEO,2007,0.57598156
Georgia,GEO,2008,0.14483657
Georgia,GEO,2009,0.02427538
Georgia,GEO,2010,0
Georgia,GEO,2011,0
Georgia,GEO,2012,0
Georgia,GEO,2013,0
Georgia,GEO,2014,0
Georgia,GEO,2015,0
Georgia,GEO,2016,0
Georgia,GEO,2017,0
Georgia,GEO,2018,0
Georgia,GEO,2019,0
Ghana,GHA,2000,435.23474
Ghana,GHA,2001,419.9304
Ghana,GHA,2002,391.17044
Ghana,GHA,2003,370.89557
Ghana,GHA,2004,352.26535
Ghana,GHA,2005,336.38535
Ghana,GHA,2006,327.99393
Ghana,GHA,2007,328.5893
Ghana,GHA,2008,342.20004
Ghana,GHA,2009,359.73102
Ghana,GHA,2010,371.7458
Ghana,GHA,2011,376.21637
Ghana,GHA,2012,366.0709
Ghana,GHA,2013,341.4901
Ghana,GHA,2014,310.78326
Ghana,GHA,2015,275.82083
Ghana,GHA,2016,237.48047
Ghana,GHA,2017,200.89351
Ghana,GHA,2018,171.7056
Ghana,GHA,2019,161.48149
Ghana,GHA,2020,162.84798
Guatemala,GTM,2000,7.239711
Guatemala,GTM,2001,4.7409706
Guatemala,GTM,2002,4.580052
Guatemala,GTM,2003,3.9006615
Guatemala,GTM,2004,3.5322657
Guatemala,GTM,2005,4.707148
Guatemala,GTM,2006,3.61985
Guatemala,GTM,2007,1.7395929
Guatemala,GTM,2008,0.796408
Guatemala,GTM,2009,0.76658845
Guatemala,GTM,2010,0.85723627
Guatemala,GTM,2011,0.7060611
Guatemala,GTM,2012,0.54318917
Guatemala,GTM,2013,0.61850256
Guatemala,GTM,2014,0.4795034
Guatemala,GTM,2015,0.5283114
Guatemala,GTM,2016,0.4678527
Guatemala,GTM,2017,0.378403
Guatemala,GTM,2018,0.27195054
Guatemala,GTM,2019,0.18293317
Guatemala,GTM,2020,0.09175724
Guinea,GIN,2000,445.0223
Guinea,GIN,2001,442.74585
Guinea,GIN,2002,426.08575
Guinea,GIN,2003,404.38306
Guinea,GIN,2004,370.85565
Guinea,GIN,2005,343.6631
Guinea,GIN,2006,333.32498
Guinea,GIN,2007,336.53293
Guinea,GIN,2008,356.1859
Guinea,GIN,2009,384.61975
Guinea,GIN,2010,406.75085
Guinea,GIN,2011,421.8601
Guinea,GIN,2012,429.7428
Guinea,GIN,2013,414.73987
Guinea,GIN,2014,398.85077
Guinea,GIN,2015,382.2166
Guinea,GIN,2016,360.8133
Guinea,GIN,2017,353.7312
Guinea,GIN,2018,349.26923
Guinea,GIN,2019,327.84985
Guinea,GIN,2020,319.5383
Guinea-Bissau,GNB,2000,399.44977
Guinea-Bissau,GNB,2001,330.87308
Guinea-Bissau,GNB,2002,260.89038
Guinea-Bissau,GNB,2003,192.06778
Guinea-Bissau,GNB,2004,127.45643
Guinea-Bissau,GNB,2005,94.82717
Guinea-Bissau,GNB,2006,77.35148
Guinea-Bissau,GNB,2007,75.47191
Guinea-Bissau,GNB,2008,88.40336
Guinea-Bissau,GNB,2009,107.59475
Guinea-Bissau,GNB,2010,124.6254
Guinea-Bissau,GNB,2011,127.8858
Guinea-Bissau,GNB,2012,121.288666
Guinea-Bissau,GNB,2013,111.83194
Guinea-Bissau,GNB,2014,95.04305
Guinea-Bissau,GNB,2015,78.49381
Guinea-Bissau,GNB,2016,65.64451
Guinea-Bissau,GNB,2017,57.105396
Guinea-Bissau,GNB,2018,56.74053
Guinea-Bissau,GNB,2019,63.460316
Guinea-Bissau,GNB,2020,88.91625
Guyana,GUY,2000,45.034405
Guyana,GUY,2001,50.95772
Guyana,GUY,2002,41.160652
Guyana,GUY,2003,51.91091
Guyana,GUY,2004,54.19605
Guyana,GUY,2005,73.15226
Guyana,GUY,2006,37.01957
Guyana,GUY,2007,21.028109
Guyana,GUY,2008,21.913057
Guyana,GUY,2009,23.908747
Guyana,GUY,2010,39.538048
Guyana,GUY,2011,51.67753
Guyana,GUY,2012,57.681614
Guyana,GUY,2013,75.67554
Guyana,GUY,2014,29.225632
Guyana,GUY,2015,23.493908
Guyana,GUY,2016,25.042685
Guyana,GUY,2017,32.464417
Guyana,GUY,2018,39.49772
Guyana,GUY,2019,33.607357
Guyana,GUY,2020,28.172075
Haiti,HTI,2000,9.588944
Haiti,HTI,2001,9.588907
Haiti,HTI,2002,9.588896
Haiti,HTI,2003,9.588967
Haiti,HTI,2004,9.588952
Haiti,HTI,2005,9.588868
Haiti,HTI,2006,9.72581
Haiti,HTI,2007,8.639539
Haiti,HTI,2008,10.390978
Haiti,HTI,2009,9.588897
Haiti,HTI,2010,9.588905
Haiti,HTI,2011,9.029761
Haiti,HTI,2012,7.156835
Haiti,HTI,2013,6.731583
Haiti,HTI,2014,3.5140667
Haiti,HTI,2015,3.3681788
Haiti,HTI,2016,3.7460308
Haiti,HTI,2017,3.3757086
Haiti,HTI,2018,1.6100347
Haiti,HTI,2019,1.7592764
Haiti,HTI,2020,3.7378092
Honduras,HND,2000,8.647582
Honduras,HND,2001,5.7890267
Honduras,HND,2002,4.0230827
Honduras,HND,2003,3.2167623
Honduras,HND,2004,3.84317
Honduras,HND,2005,3.4734757
Honduras,HND,2006,2.4898975
Honduras,HND,2007,2.1153812
Honduras,HND,2008,1.6241193
Honduras,HND,2009,1.7472628
Honduras,HND,2010,1.7664015
Honduras,HND,2011,1.3367978
Honduras,HND,2012,1.1090188
Honduras,HND,2013,0.9073111
Honduras,HND,2014,0.5612698
Honduras,HND,2015,0.5805341
Honduras,HND,2016,0.6572206
Honduras,HND,2017,0.19974706
Honduras,HND,2018,0.107434295
Honduras,HND,2019,0.050294347
Honduras,HND,2020,0.12238629
India,IND,2000,19.913614
India,IND,2001,19.992012
India,IND,2002,18.537405
India,IND,2003,19.485119
India,IND,2004,21.270773
India,IND,2005,22.630566
India,IND,2006,18.225904
India,IND,2007,17.357033
India,IND,2008,17.909378
India,IND,2009,18.142403
India,IND,2010,17.531942
India,IND,2011,14.796841
India,IND,2012,11.818647
India,IND,2013,9.176263
India,IND,2014,9.188362
India,IND,2015,9.682006
India,IND,2016,10.04493
India,IND,2017,7.4663615
India,IND,2018,5.354936
India,IND,2019,4.3456774
India,IND,2020,3.217007
Indonesia,IDN,2000,5.85618
Indonesia,IDN,2001,5.856182
Indonesia,IDN,2002,5.856182
Indonesia,IDN,2003,5.8561807
Indonesia,IDN,2004,5.2884636
Indonesia,IDN,2005,5.6985993
Indonesia,IDN,2006,6.5644712
Indonesia,IDN,2007,5.8561826
Indonesia,IDN,2008,5.856183
Indonesia,IDN,2009,5.8561807
Indonesia,IDN,2010,8.944176
Indonesia,IDN,2011,8.027297
Indonesia,IDN,2012,7.855937
Indonesia,IDN,2013,6.5975575
Indonesia,IDN,2014,4.951501
Indonesia,IDN,2015,4.369208
Indonesia,IDN,2016,4.51534
Indonesia,IDN,2017,3.0543928
Indonesia,IDN,2018,2.2301896
Indonesia,IDN,2019,2.4368722
Indonesia,IDN,2020,2.8694196
Iran,IRN,2000,29.42625
Iran,IRN,2001,28.451828
Iran,IRN,2002,22.647047
Iran,IRN,2003,33.87608
Iran,IRN,2004,19.632326
Iran,IRN,2005,26.62743
Iran,IRN,2006,22.08467
Iran,IRN,2007,21.572195
Iran,IRN,2008,11.338343
Iran,IRN,2009,5.8356457
Iran,IRN,2010,2.4524808
Iran,IRN,2011,2.1416705
Iran,IRN,2012,0.9802117
Iran,IRN,2013,0.61341053
Iran,IRN,2014,0.45263457
Iran,IRN,2015,0.20838402
Iran,IRN,2016,0.09971096
Iran,IRN,2017,0.06920163
Iran,IRN,2018,0
Iran,IRN,2019,0
Iran,IRN,2020,0
Iraq,IRQ,2000,0.60890055
Iraq,IRQ,2001,0.40196207
Iraq,IRQ,2002,0.293723
Iraq,IRQ,2003,0.1040859
Iraq,IRQ,2004,0.045311064
Iraq,IRQ,2005,0.01342897
Iraq,IRQ,2006,0.006725975
Iraq,IRQ,2007,0.0008267968
Iraq,IRQ,2008,0.001625952
Iraq,IRQ,2009,0
Iraq,IRQ,2010,0
Iraq,IRQ,2011,0
Iraq,IRQ,2012,0
Iraq,IRQ,2013,0
Iraq,IRQ,2014,0
Iraq,IRQ,2015,0
Iraq,IRQ,2016,0
Iraq,IRQ,2017,0
Iraq,IRQ,2018,0
Iraq,IRQ,2019,0
Iraq,IRQ,2020,0
Kazakhstan,KAZ,2010,0
Kazakhstan,KAZ,2011,0
Kazakhstan,KAZ,2012,0
Kazakhstan,KAZ,2013,0
Kazakhstan,KAZ,2014,0
Kazakhstan,KAZ,2015,0
Kazakhstan,KAZ,2016,0
Kazakhstan,KAZ,2017,0
Kazakhstan,KAZ,2018,0
Kazakhstan,KAZ,2019,0
Kenya,KEN,2000,216.79553
Kenya,KEN,2001,241.66136
Kenya,KEN,2002,223.48761
Kenya,KEN,2003,209.2249
Kenya,KEN,2004,178.07683
Kenya,KEN,2005,136.53355
Kenya,KEN,2006,103.49768
Kenya,KEN,2007,79.70837
Kenya,KEN,2008,66.3368
Kenya,KEN,2009,62.76892
Kenya,KEN,2010,64.01906
Kenya,KEN,2011,65.88106
Kenya,KEN,2012,68.789566
Kenya,KEN,2013,71.34955
Kenya,KEN,2014,70.74808
Kenya,KEN,2015,68.77052
Kenya,KEN,2016,65.96076
Kenya,KEN,2017,62.54176
Kenya,KEN,2018,59.749847
Kenya,KEN,2019,56.451283
Kenya,KEN,2020,50.926483
Kyrgyzstan,KGZ,2000,0.0018237929
Kyrgyzstan,KGZ,2001,0.0038749536
Kyrgyzstan,KGZ,2002,0.699911
Kyrgyzstan,KGZ,2003,0.11788596
Kyrgyzstan,KGZ,2004,0.023152765
Kyrgyzstan,KGZ,2005,0.05683591
Kyrgyzstan,KGZ,2006,0.07955937
Kyrgyzstan,KGZ,2007,0.023739936
Kyrgyzstan,KGZ,2008,0.004391449
Kyrgyzstan,KGZ,2009,0.00024032268
Kyrgyzstan,KGZ,2010,0.0007093218
Kyrgyzstan,KGZ,2011,0
Kyrgyzstan,KGZ,2012,0
Kyrgyzstan,KGZ,2013,0
Kyrgyzstan,KGZ,2014,0
Kyrgyzstan,KGZ,2015,0
Kyrgyzstan,KGZ,2016,0
Kyrgyzstan,KGZ,2017,0
Kyrgyzstan,KGZ,2018,0
Kyrgyzstan,KGZ,2019,0
Laos,LAO,2000,32.40096
Laos,LAO,2001,22.0561
Laos,LAO,2002,17.633913
Laos,LAO,2003,15.752574
Laos,LAO,2004,13.689522
Laos,LAO,2005,11.695301
Laos,LAO,2006,16.096603
Laos,LAO,2007,14.769533
Laos,LAO,2008,13.172921
Laos,LAO,2009,14.836032
Laos,LAO,2010,13.459455
Laos,LAO,2011,9.193764
Laos,LAO,2012,23.838585
Laos,LAO,2013,20.145718
Laos,LAO,2014,25.404247
Laos,LAO,2015,17.814833
Laos,LAO,2016,7.540913
Laos,LAO,2017,4.0379333
Laos,LAO,2018,4.2603116
Laos,LAO,2019,3.1067772
Laos,LAO,2020,1.4987736
Latin America and Caribbean (WB),,2000,14.074367
Latin America and Caribbean (WB),,2001,11.654649
Latin America and Caribbean (WB),,2002,10.461414
Latin America and Caribbean (WB),,2003,10.094097
Latin America and Caribbean (WB),,2004,9.842486
Latin America and Caribbean (WB),,2005,10.769694
Latin America and Caribbean (WB),,2006,9.140707
Latin America and Caribbean (WB),,2007,8.113266
Latin America and Caribbean (WB),,2008,5.640565
Latin America and Caribbean (WB),,2009,5.495057
Latin America and Caribbean (WB),,2010,6.4799023
Latin America and Caribbean (WB),,2011,4.8097925
Latin America and Caribbean (WB),,2012,4.5217957
Latin America and Caribbean (WB),,2013,4.392878
Latin America and Caribbean (WB),,2014,3.586013
Latin America and Caribbean (WB),,2015,4.4948397
Latin America and Caribbean (WB),,2016,5.088521
Latin America and Caribbean (WB),,2017,6.921051
Latin America and Caribbean (WB),,2018,6.7374067
Latin America and Caribbean (WB),,2019,6.4208474
Latin America and Caribbean (WB),,2020,4.6433067
Liberia,LBR,2000,465.93213
Liberia,LBR,2001,458.75153
Liberia,LBR,2002,445.2458
Liberia,LBR,2003,430.27472
Liberia,LBR,2004,408.6583
Liberia,LBR,2005,393.4957
Liberia,LBR,2006,381.04974
Liberia,LBR,2007,374.85568
Liberia,LBR,2008,372.16187
Liberia,LBR,2009,354.19986
Liberia,LBR,2010,337.39645
Liberia,LBR,2011,327.00403
Liberia,LBR,2012,313.72922
Liberia,LBR,2013,322.26093
Liberia,LBR,2014,342.0675
Liberia,LBR,2015,347.90167
Liberia,LBR,2016,373.26184
Liberia,LBR,2017,392.29587
Liberia,LBR,2018,383.2449
Liberia,LBR,2019,369.64752
Liberia,LBR,2020,358.0458
Low-income countries,,2000,300.66888
Low-income countries,,2001,303.2852
Low-income countries,,2002,291.1329
Low-income countries,,2003,284.1156
Low-income countries,,2004,272.6132
Low-income countries,,2005,257.0096
Low-income countries,,2006,248.21663
Low-income countries,,2007,237.894
Low-income countries,,2008,231.69919
Low-income countries,,2009,235.76718
Low-income countries,,2010,235.79698
Low-income countries,,2011,229.66855
Low-income countries,,2012,229.91928
Low-income countries,,2013,225.92882
Low-income countries,,2014,214.36348
Low-income countries,,2015,207.89098
Low-income countries,,2016,203.7355
Low-income countries,,2017,207.9678
Low-income countries,,2018,197.81677
Low-income countries,,2019,190.79375
Low-income countries,,2020,199.26909
Lower-middle-income countries,,2000,68.9364
Lower-middle-income countries,,2001,68.504684
Lower-middle-income countries,,2002,65.43567
Lower-middle-income countries,,2003,65.50946
Lower-middle-income countries,,2004,66.23015
Lower-middle-income countries,,2005,66.07248
Lower-middle-income countries,,2006,62.938953
Lower-middle-income countries,,2007,61.48577
Lower-middle-income countries,,2008,60.20101
Lower-middle-income countries,,2009,58.97867
Lower-middle-income countries,,2010,57.26254
Lower-middle-income countries,,2011,53.412064
Lower-middle-income countries,,2012,49.72894
Lower-middle-income countries,,2013,46.119217
Lower-middle-income countries,,2014,45.19059
Lower-middle-income countries,,2015,44.585335
Lower-middle-income countries,,2016,44.702053
Lower-middle-income countries,,2017,43.820583
Lower-middle-income countries,,2018,42.52481
Lower-middle-income countries,,2019,42.2719
Lower-middle-income countries,,2020,44.182972
Madagascar,MDG,2000,57.46167
Madagascar,MDG,2001,68.35377
Madagascar,MDG,2002,53.594303
Madagascar,MDG,2003,68.29461
Madagascar,MDG,2004,46.853584
Madagascar,MDG,2005,36.148884
Madagascar,MDG,2006,35.30263
Madagascar,MDG,2007,22.75491
Madagascar,MDG,2008,23.472687
Madagascar,MDG,2009,42.919884
Madagascar,MDG,2010,42.24448
Madagascar,MDG,2011,37.874317
Madagascar,MDG,2012,71.357124
Madagascar,MDG,2013,65.20949
Madagascar,MDG,2014,45.7094
Madagascar,MDG,2015,96.80367
Madagascar,MDG,2016,56.579098
Madagascar,MDG,2017,75.66509
Madagascar,MDG,2018,70.39795
Madagascar,MDG,2019,71.02641
Madagascar,MDG,2020,133.45807
Malawi,MWI,2000,463.22946
Malawi,MWI,2001,465.23563
Malawi,MWI,2002,437.95532
Malawi,MWI,2003,398.39383
Malawi,MWI,2004,369.799
Malawi,MWI,2005,363.37338
Malawi,MWI,2006,350.05978
Malawi,MWI,2007,348.56085
Malawi,MWI,2008,365.8873
Malawi,MWI,2009,380.74423
Malawi,MWI,2010,379.39163
Malawi,MWI,2011,364.94366
Malawi,MWI,2012,320.1823
Malawi,MWI,2013,287.10226
Malawi,MWI,2014,261.83417
Malawi,MWI,2015,240.83992
Malawi,MWI,2016,224.84831
Malawi,MWI,2017,217.94284
Malawi,MWI,2018,208.46768
Malawi,MWI,2019,205.87244
Malawi,MWI,2020,228.45328
Malaysia,MYS,2000,13.694127
Malaysia,MYS,2001,13.475839
Malaysia,MYS,2002,11.379327
Malaysia,MYS,2003,6.4152913
Malaysia,MYS,2004,6.107431
Malaysia,MYS,2005,5.419297
Malaysia,MYS,2006,5.051151
Malaysia,MYS,2007,3.7873755
Malaysia,MYS,2008,5.572588
Malaysia,MYS,2009,5.3677616
Malaysia,MYS,2010,4.6033
Malaysia,MYS,2011,3.4501474
Malaysia,MYS,2012,3.1494925
Malaysia,MYS,2013,0.87210584
Malaysia,MYS,2014,0.49888504
Malaysia,MYS,2015,0.19986159
Malaysia,MYS,2016,0.21672074
Malaysia,MYS,2017,0.068317756
Malaysia,MYS,2018,0
Malaysia,MYS,2019,0
Malaysia,MYS,2020,0
Mali,MLI,2000,406.2294
Mali,MLI,2001,407.44647
Mali,MLI,2002,416.45828
Mali,MLI,2003,423.80887
Mali,MLI,2004,429.3726
Mali,MLI,2005,431.24026
Mali,MLI,2006,405.71033
Mali,MLI,2007,388.8055
Mali,MLI,2008,379.05875
Mali,MLI,2009,374.56232
Mali,MLI,2010,383.60342
Mali,MLI,2011,404.73294
Mali,MLI,2012,435.65057
Mali,MLI,2013,452.81595
Mali,MLI,2014,441.0074
Mali,MLI,2015,391.8293
Mali,MLI,2016,384.2218
Mali,MLI,2017,386.77756
Mali,MLI,2018,386.77753
Mali,MLI,2019,333.69543
Mali,MLI,2020,357.45023
Mauritania,MRT,2000,153.56831
Mauritania,MRT,2001,159.00725
Mauritania,MRT,2002,124.17169
Mauritania,MRT,2003,118.745255
Mauritania,MRT,2004,92.54108
Mauritania,MRT,2005,84.2048
Mauritania,MRT,2006,74.07095
Mauritania,MRT,2007,71.022995
Mauritania,MRT,2008,60.88913
Mauritania,MRT,2009,31.11356
Mauritania,MRT,2010,35.21407
Mauritania,MRT,2011,45.153095
Mauritania,MRT,2012,22.934774
Mauritania,MRT,2013,24.649921
Mauritania,MRT,2014,49.2028
Mauritania,MRT,2015,61.608818
Mauritania,MRT,2016,75.67709
Mauritania,MRT,2017,55.488255
Mauritania,MRT,2018,39.41465
Mauritania,MRT,2019,28.107046
Mauritania,MRT,2020,29.99058
Mexico,MEX,2000,3.5246265
Mexico,MEX,2001,2.3495994
Mexico,MEX,2002,2.144994
Mexico,MEX,2003,1.7475725
Mexico,MEX,2004,1.5372006
Mexico,MEX,2005,1.3202451
Mexico,MEX,2006,1.1024987
Mexico,MEX,2007,1.0201286
Mexico,MEX,2008,1.0032848
Mexico,MEX,2009,1.1336974
Mexico,MEX,2010,0.50686896
Mexico,MEX,2011,0.45826244
Mexico,MEX,2012,0.33504784
Mexico,MEX,2013,0.19649602
Mexico,MEX,2014,0.25710085
Mexico,MEX,2015,0.20012434
Mexico,MEX,2016,0.2107343
Mexico,MEX,2017,0.27823153
Mexico,MEX,2018,0.30015954
Mexico,MEX,2019,0.2284995
Mexico,MEX,2020,0.13024196
Middle East and North Africa (WB),,2000,8.020794
Middle East and North Africa (WB),,2001,8.729988
Middle East and North Africa (WB),,2002,9.464865
Middle East and North Africa (WB),,2003,8.50733
Middle East and North Africa (WB),,2004,6.683545
Middle East and North Africa (WB),,2005,6.9028673
Middle East and North Africa (WB),,2006,8.06108
Middle East and North Africa (WB),,2007,5.6305375
Middle East and North Africa (WB),,2008,3.486797
Middle East and North Africa (WB),,2009,4.4039607
Middle East and North Africa (WB),,2010,6.9196453
Middle East and North Africa (WB),,2011,4.775875
Middle East and North Africa (WB),,2012,4.837474
Middle East and North Africa (WB),,2013,3.876064
Middle East and North Africa (WB),,2014,3.24663
Middle East and North Africa (WB),,2015,2.8041234
Middle East and North Africa (WB),,2016,3.5615425
Middle East and North Africa (WB),,2017,3.9544346
Middle East and North Africa (WB),,2018,4.5719714
Middle East and North Africa (WB),,2019,4.470059
Middle East and North Africa (WB),,2020,4.1962166
Middle-income countries,,2000,52.439743
Middle-income countries,,2001,52.178226
Middle-income countries,,2002,49.917725
Middle-income countries,,2003,50.060204
Middle-income countries,,2004,50.70164
Middle-income countries,,2005,50.716724
Middle-income countries,,2006,48.450584
Middle-income countries,,2007,47.34821
Middle-income countries,,2008,46.371746
Middle-income countries,,2009,45.58791
Middle-income countries,,2010,44.138073
Middle-income countries,,2011,41.280922
Middle-income countries,,2012,38.52803
Middle-income countries,,2013,35.873474
Middle-income countries,,2014,35.192356
Middle-income countries,,2015,34.798
Middle-income countries,,2016,34.93091
Middle-income countries,,2017,34.342026
Middle-income countries,,2018,33.423035
Middle-income countries,,2019,33.20459
Middle-income countries,,2020,35.01688
Morocco,MAR,2000,0.00010418956
Morocco,MAR,2001,0
Morocco,MAR,2002,0.00064505695
Morocco,MAR,2003,0.00013430533
Morocco,MAR,2004,0.000033205826
Morocco,MAR,2005,0
Morocco,MAR,2006,0
Morocco,MAR,2007,0
Morocco,MAR,2008,0
Morocco,MAR,2009,0
Morocco,MAR,2010,0
Morocco,MAR,2011,0
Morocco,MAR,2012,0
Morocco,MAR,2013,0
Morocco,MAR,2014,0
Morocco,MAR,2015,0
Morocco,MAR,2016,0
Morocco,MAR,2017,0
Morocco,MAR,2018,0
Morocco,MAR,2019,0
Morocco,MAR,2020,0
Mozambique,MOZ,2000,486.4447
Mozambique,MOZ,2001,501.87137
Mozambique,MOZ,2002,500.4687
Mozambique,MOZ,2003,483.08224
Mozambique,MOZ,2004,452.0641
Mozambique,MOZ,2005,415.13214
Mozambique,MOZ,2006,395.60605
Mozambique,MOZ,2007,382.64865
Mozambique,MOZ,2008,379.2337
Mozambique,MOZ,2009,375.63196
Mozambique,MOZ,2010,371.80493
Mozambique,MOZ,2011,368.02563
Mozambique,MOZ,2012,367.05505
Mozambique,MOZ,2013,366.406
Mozambique,MOZ,2014,355.9926
Mozambique,MOZ,2015,347.77197
Mozambique,MOZ,2016,341.57086
Mozambique,MOZ,2017,328.1009
Mozambique,MOZ,2018,315.26105
Mozambique,MOZ,2019,303.98285
Mozambique,MOZ,2020,320.19397
Myanmar,MMR,2000,48.78196
Myanmar,MMR,2001,48.781948
Myanmar,MMR,2002,48.781975
Myanmar,MMR,2003,48.781975
Myanmar,MMR,2004,48.781967
Myanmar,MMR,2005,48.781975
Myanmar,MMR,2006,34.690155
Myanmar,MMR,2007,43.447197
Myanmar,MMR,2008,52.959694
Myanmar,MMR,2009,49.898933
Myanmar,MMR,2010,66.98452
Myanmar,MMR,2011,43.712177
Myanmar,MMR,2012,57.330418
Myanmar,MMR,2013,19.825253
Myanmar,MMR,2014,12.331242
Myanmar,MMR,2015,8.671064
Myanmar,MMR,2016,5.132234
Myanmar,MMR,2017,3.8006485
Myanmar,MMR,2018,3.3998814
Myanmar,MMR,2019,2.44476
Myanmar,MMR,2020,2.5455463
Namibia,NAM,2000,54.632313
Namibia,NAM,2001,71.087746
Namibia,NAM,2002,47.899387
Namibia,NAM,2003,45.297997
Namibia,NAM,2004,69.66609
Namibia,NAM,2005,42.44484
Namibia,NAM,2006,43.570374
Namibia,NAM,2007,12.973795
Namibia,NAM,2008,7.45653
Namibia,NAM,2009,4.916989
Namibia,NAM,2010,1.5399635
Namibia,NAM,2011,1.8062024
Namibia,NAM,2012,3.1381593
Namibia,NAM,2013,4.4245267
Namibia,NAM,2014,14.286261
Namibia,NAM,2015,8.191778
Namibia,NAM,2016,17.124567
Namibia,NAM,2017,46.74943
Namibia,NAM,2018,25.84059
Namibia,NAM,2019,2.8812723
Namibia,NAM,2020,10.044366
Nepal,NPL,2000,6.904836
Nepal,NPL,2001,7.892206
Nepal,NPL,2002,11.873038
Nepal,NPL,2003,10.007036
Nepal,NPL,2004,4.7126026
Nepal,NPL,2005,4.821284
Nepal,NPL,2006,4.700503
Nepal,NPL,2007,5.503153
Nepal,NPL,2008,4.0051546
Nepal,NPL,2009,3.2859838
Nepal,NPL,2010,3.8508463
Nepal,NPL,2011,2.3583593
Nepal,NPL,2012,1.7438447
Nepal,NPL,2013,1.300841
Nepal,NPL,2014,0.62558675
Nepal,NPL,2015,0.5572613
Nepal,NPL,2016,0.42367807
Nepal,NPL,2017,0.3353607
Nepal,NPL,2018,0.33547407
Nepal,NPL,2019,0.055873074
Nepal,NPL,2020,0.028967233
Nicaragua,NIC,2000,13.536531
Nicaragua,NIC,2001,5.910634
Nicaragua,NIC,2002,4.277436
Nicaragua,NIC,2003,3.6826713
Nicaragua,NIC,2004,3.730051
Nicaragua,NIC,2005,3.5434031
Nicaragua,NIC,2006,1.6383061
Nicaragua,NIC,2007,0.7036704
Nicaragua,NIC,2008,0.3900826
Nicaragua,NIC,2009,0.30782396
Nicaragua,NIC,2010,0.3445833
Nicaragua,NIC,2011,0.45446184
Nicaragua,NIC,2012,0.59891844
Nicaragua,NIC,2013,0.55587804
Nicaragua,NIC,2014,0.53929
Nicaragua,NIC,2015,1.0624195
Nicaragua,NIC,2016,2.8844175
Nicaragua,NIC,2017,4.9752727
Nicaragua,NIC,2018,7.1426773
Nicaragua,NIC,2019,5.851013
Nicaragua,NIC,2020,11.496681
Niger,NER,2000,363.22852
Niger,NER,2001,353.20624
Niger,NER,2002,327.12952
Niger,NER,2003,294.67355
Niger,NER,2004,299.26184
Niger,NER,2005,307.45956
Niger,NER,2006,304.83917
Niger,NER,2007,313.5949
Niger,NER,2008,352.14587
Niger,NER,2009,379.54556
Niger,NER,2010,414.34814
Niger,NER,2011,428.11758
Niger,NER,2012,429.7186
Niger,NER,2013,416.6251
Niger,NER,2014,409.30487
Niger,NER,2015,403.91507
Niger,NER,2016,387.56778
Niger,NER,2017,364.33023
Niger,NER,2018,344.92688
Niger,NER,2019,326.57803
Niger,NER,2020,324.10617
Nigeria,NGA,2000,418.03864
Nigeria,NGA,2001,407.76184
Nigeria,NGA,2002,392.93924
Nigeria,NGA,2003,391.65512
Nigeria,NGA,2004,401.15366
Nigeria,NGA,2005,407.78546
Nigeria,NGA,2006,410.96143
Nigeria,NGA,2007,412.43503
Nigeria,NGA,2008,413.0925
Nigeria,NGA,2009,400.17575
Nigeria,NGA,2010,373.25873
Nigeria,NGA,2011,350.50235
Nigeria,NGA,2012,328.05377
Nigeria,NGA,2013,308.18472
Nigeria,NGA,2014,297.3433
Nigeria,NGA,2015,292.54242
Nigeria,NGA,2016,293.92358
Nigeria,NGA,2017,297.9619
Nigeria,NGA,2018,299.0206
Nigeria,NGA,2019,300.44254
Nigeria,NGA,2020,313.7581
North Korea,PRK,2000,10.117111
North Korea,PRK,2001,12.799229
North Korea,PRK,2002,10.84666
North Korea,PRK,2003,1.799007
North Korea,PRK,2004,1.7078587
North Korea,PRK,2005,0.720798
North Korea,PRK,2006,0.735978
North Korea,PRK,2007,0.50767285
North Korea,PRK,2008,1.749885
North Korea,PRK,2009,1.5339491
North Korea,PRK,2010,1.410415
North Korea,PRK,2011,1.7395879
North Korea,PRK,2012,2.2562635
North Korea,PRK,2013,1.4799982
North Korea,PRK,2014,1.0766956
North Korea,PRK,2015,0.7140691
North Korea,PRK,2016,0.5093028
North Korea,PRK,2017,0.46355256
North Korea,PRK,2018,0.37066698
North Korea,PRK,2019,0.18648747
North Korea,PRK,2020,0.18070534
Oman,OMN,2000,0.0026455342
Oman,OMN,2001,0.00087147526
Oman,OMN,2002,0.0025697472
Oman,OMN,2003,0.002514496
Oman,OMN,2004,0
Oman,OMN,2005,0
Oman,OMN,2006,0
Oman,OMN,2007,0.0015053655
Oman,OMN,2008,0
Oman,OMN,2009,0
Oman,OMN,2010,0
Oman,OMN,2011,0
Oman,OMN,2012,0
Oman,OMN,2013,0
Oman,OMN,2014,0
Oman,OMN,2015,0
Oman,OMN,2016,0
Oman,OMN,2017,0
Oman,OMN,2018,0
Oman,OMN,2019,0
Oman,OMN,2020,0
Pakistan,PAK,2000,6.640674
Pakistan,PAK,2001,7.2312274
Pakistan,PAK,2002,6.572575
Pakistan,PAK,2003,6.144094
Pakistan,PAK,2004,4.4382954
Pakistan,PAK,2005,5.3628736
Pakistan,PAK,2006,5.2780895
Pakistan,PAK,2007,5.063822
Pakistan,PAK,2008,4.5262265
Pakistan,PAK,2009,5.885983
Pakistan,PAK,2010,8.195872
Pakistan,PAK,2011,10.574235
Pakistan,PAK,2012,8.975686
Pakistan,PAK,2013,7.547875
Pakistan,PAK,2014,7.1526394
Pakistan,PAK,2015,5.0627966
Pakistan,PAK,2016,4.9990253
Pakistan,PAK,2017,4.011572
Pakistan,PAK,2018,3.381501
Pakistan,PAK,2019,3.0077846
Pakistan,PAK,2020,2.5002596
Panama,PAN,2000,0.3721473
Panama,PAN,2001,0.32686397
Panama,PAN,2002,0.77561235
Panama,PAN,2003,1.5264755
Panama,PAN,2004,1.6962426
Panama,PAN,2005,1.1984148
Panama,PAN,2006,0.5336453
Panama,PAN,2007,0.40374908
Panama,PAN,2008,0.23018031
Panama,PAN,2009,0.2365248
Panama,PAN,2010,0.12485641
Panama,PAN,2011,0.103743754
Panama,PAN,2012,0.24343273
Panama,PAN,2013,0.19943264
Panama,PAN,2014,0.26627842
Panama,PAN,2015,0.14976938
Panama,PAN,2016,0.20713927
Panama,PAN,2017,0.20161057
Panama,PAN,2018,0.19525705
Panama,PAN,2019,0.40480676
Panama,PAN,2020,0.5524364
Papua New Guinea,PNG,2000,250.0601
Papua New Guinea,PNG,2001,241.61407
Papua New Guinea,PNG,2002,202.64319
Papua New Guinea,PNG,2003,214.2253
Papua New Guinea,PNG,2004,268.83075
Papua New Guinea,PNG,2005,217.63176
Papua New Guinea,PNG,2006,222.91339
Papua New Guinea,PNG,2007,183.77916
Papua New Guinea,PNG,2008,169.19182
Papua New Guinea,PNG,2009,218.81854
Papua New Guinea,PNG,2010,147.63454
Papua New Guinea,PNG,2011,120.319916
Papua New Guinea,PNG,2012,161.52084
Papua New Guinea,PNG,2013,182.35095
Papua New Guinea,PNG,2014,203.08585
Papua New Guinea,PNG,2015,109.12085
Papua New Guinea,PNG,2016,146.15573
Papua New Guinea,PNG,2017,145.7949
Papua New Guinea,PNG,2018,151.25772
Papua New Guinea,PNG,2019,128.17807
Papua New Guinea,PNG,2020,164.3138
Paraguay,PRY,2000,35.760693
Paraguay,PRY,2001,13.867354
Paraguay,PRY,2002,13.949285
Paraguay,PRY,2003,6.8643456
Paraguay,PRY,2004,3.364033
Paraguay,PRY,2005,1.79332
Paraguay,PRY,2006,3.8661187
Paraguay,PRY,2007,6.209972
Paraguay,PRY,2008,1.557604
Paraguay,PRY,2009,0.3605195
Paraguay,PRY,2010,0.088917345
Paraguay,PRY,2011,0.0043855226
Paraguay,PRY,2012,0
Paraguay,PRY,2013,0
Paraguay,PRY,2014,0
Paraguay,PRY,2015,0
Paraguay,PRY,2016,0
Paraguay,PRY,2017,0
Paraguay,PRY,2018,0
Paraguay,PRY,2019,0
Paraguay,PRY,2020,0
Peru,PER,2000,9.071142
Peru,PER,2001,9.98196
Peru,PER,2002,12.115548
Peru,PER,2003,10.400801
Peru,PER,2004,10.63505
Peru,PER,2005,9.880029
Peru,PER,2006,7.2530007
Peru,PER,2007,5.6283703
Peru,PER,2008,4.867831
Peru,PER,2009,4.6013627
Peru,PER,2010,3.319647
Peru,PER,2011,2.6904821
Peru,PER,2012,3.489231
Peru,PER,2013,5.3590593
Peru,PER,2014,7.1022096
Peru,PER,2015,9.718503
Peru,PER,2016,5.9964557
Peru,PER,2017,5.8750315
Peru,PER,2018,4.6525407
Peru,PER,2019,3.581305
Peru,PER,2020,2.2969072
Philippines,PHL,2000,1.7657062
Philippines,PHL,2001,1.2134846
Philippines,PHL,2002,1.4937973
Philippines,PHL,2003,2.0835512
Philippines,PHL,2004,1.8543627
Philippines,PHL,2005,1.6588441
Philippines,PHL,2006,2.0178692
Philippines,PHL,2007,2.1715734
Philippines,PHL,2008,1.4135332
Philippines,PHL,2009,1.09606
Philippines,PHL,2010,0.9806073
Philippines,PHL,2011,0.43094447
Philippines,PHL,2012,0.33957863
Philippines,PHL,2013,0.30509242
Philippines,PHL,2014,0.24528885
Philippines,PHL,2015,0.47049624
Philippines,PHL,2016,0.2875831
Philippines,PHL,2017,0.27093175
Philippines,PHL,2018,0.17598605
Philippines,PHL,2019,0.21558382
Philippines,PHL,2020,0.67605704
Rwanda,RWA,2000,250.03882
Rwanda,RWA,2001,238.60408
Rwanda,RWA,2002,190.42961
Rwanda,RWA,2003,151.75455
Rwanda,RWA,2004,129.9129
Rwanda,RWA,2005,157.4075
Rwanda,RWA,2006,154.4617
Rwanda,RWA,2007,90.638435
Rwanda,RWA,2008,71.77896
Rwanda,RWA,2009,158.10042
Rwanda,RWA,2010,107.553406
Rwanda,RWA,2011,37.94796
Rwanda,RWA,2012,61.270744
Rwanda,RWA,2013,112.34507
Rwanda,RWA,2014,207.43396
Rwanda,RWA,2015,315.37885
Rwanda,RWA,2016,418.87973
Rwanda,RWA,2017,724.5674
Rwanda,RWA,2018,498.67294
Rwanda,RWA,2019,363.58008
Rwanda,RWA,2020,230.54346
Sao Tome and Principe,STP,2000,224.7582
Sao Tome and Principe,STP,2001,290.7295
Sao Tome and Principe,STP,2002,343.07224
Sao Tome and Principe,STP,2003,283.6076
Sao Tome and Principe,STP,2004,302.3755
Sao Tome and Principe,STP,2005,115.18873
Sao Tome and Principe,STP,2006,31.82909
Sao Tome and Principe,STP,2007,14.5582905
Sao Tome and Principe,STP,2008,36.5704
Sao Tome and Principe,STP,2009,35.149567
Sao Tome and Principe,STP,2010,15.190827
Sao Tome and Principe,STP,2011,45.75089
Sao Tome and Principe,STP,2012,66.61571
Sao Tome and Principe,STP,2013,48.12158
Sao Tome and Principe,STP,2014,8.961462
Sao Tome and Principe,STP,2015,10.308916
Sao Tome and Principe,STP,2016,11.012641
Sao Tome and Principe,STP,2017,10.8119335
Sao Tome and Principe,STP,2018,13.91732
Sao Tome and Principe,STP,2019,12.704141
Sao Tome and Principe,STP,2020,8.82
Saudi Arabia,SAU,2000,3.9918327
Saudi Arabia,SAU,2001,1.8097864
Saudi Arabia,SAU,2002,1.4952852
Saudi Arabia,SAU,2003,0.95830965
Saudi Arabia,SAU,2004,0.6648107
Saudi Arabia,SAU,2005,0.55505675
Saudi Arabia,SAU,2006,0.65119064
Saudi Arabia,SAU,2007,0.23147035
Saudi Arabia,SAU,2008,0.029412758
Saudi Arabia,SAU,2009,0.027187249
Saudi Arabia,SAU,2010,0.013201422
Saudi Arabia,SAU,2011,0.030470088
Saudi Arabia,SAU,2012,0.035108767
Saudi Arabia,SAU,2013,0.01412271
Saudi Arabia,SAU,2014,0.012112755
Saudi Arabia,SAU,2015,0.03266555
Saudi Arabia,SAU,2016,0.104653865
Saudi Arabia,SAU,2017,0.06674875
Saudi Arabia,SAU,2018,0.022593204
Saudi Arabia,SAU,2019,0.013842081
Saudi Arabia,SAU,2020,0.029760431
Senegal,SEN,2000,306.24222
Senegal,SEN,2001,273.6445
Senegal,SEN,2002,223.62013
Senegal,SEN,2003,202.76129
Senegal,SEN,2004,138.99806
Senegal,SEN,2005,125.26434
Senegal,SEN,2006,121.26902
Senegal,SEN,2007,99.26733
Senegal,SEN,2008,52.37665
Senegal,SEN,2009,32.890957
Senegal,SEN,2010,60.474945
Senegal,SEN,2011,48.897583
Senegal,SEN,2012,53.26776
Senegal,SEN,2013,61.783157
Senegal,SEN,2014,38.568184
Senegal,SEN,2015,69.34406
Senegal,SEN,2016,45.628464
Senegal,SEN,2017,52.252968
Senegal,SEN,2018,66.08033
Senegal,SEN,2019,41.24976
Senegal,SEN,2020,49.92938
Sierra Leone,SLE,2000,469.99698
Sierra Leone,SLE,2001,473.00534
Sierra Leone,SLE,2002,465.02536
Sierra Leone,SLE,2003,444.0573
Sierra Leone,SLE,2004,428.58817
Sierra Leone,SLE,2005,408.4351
Sierra Leone,SLE,2006,392.0902
Sierra Leone,SLE,2007,397.63486
Sierra Leone,SLE,2008,425.29092
Sierra Leone,SLE,2009,447.06415
Sierra Leone,SLE,2010,448.07092
Sierra Leone,SLE,2011,441.33002
Sierra Leone,SLE,2012,429.62833
Sierra Leone,SLE,2013,414.09692
Sierra Leone,SLE,2014,400.79318
Sierra Leone,SLE,2015,391.7674
Sierra Leone,SLE,2016,386.24088
Sierra Leone,SLE,2017,369.61182
Sierra Leone,SLE,2018,361.87686
Sierra Leone,SLE,2019,347.47702
Sierra Leone,SLE,2020,328.19016
Solomon Islands,SLB,2000,623.1538
Solomon Islands,SLB,2001,681.2554
Solomon Islands,SLB,2002,649.78577
Solomon Islands,SLB,2003,540.46704
Solomon Islands,SLB,2004,744.1642
Solomon Islands,SLB,2005,614.7978
Solomon Islands,SLB,2006,591.85974
Solomon Islands,SLB,2007,319.14508
Solomon Islands,SLB,2008,186.86137
Solomon Islands,SLB,2009,147.64818
Solomon Islands,SLB,2010,174.94862
Solomon Islands,SLB,2011,116.90971
Solomon Islands,SLB,2012,94.860176
Solomon Islands,SLB,2013,94.921455
Solomon Islands,SLB,2014,52.39088
Solomon Islands,SLB,2015,66.67381
Solomon Islands,SLB,2016,137.26859
Solomon Islands,SLB,2017,164.51024
Solomon Islands,SLB,2018,134.11168
Solomon Islands,SLB,2019,212.79794
Solomon Islands,SLB,2020,167.67278
Somalia,SOM,2000,125.58393
Somalia,SOM,2001,125.96053
Somalia,SOM,2002,126.18816
Somalia,SOM,2003,120.99838
Somalia,SOM,2004,119.9914
Somalia,SOM,2005,136.56424
Somalia,SOM,2006,120.06768
Somalia,SOM,2007,100.563156
Somalia,SOM,2008,63.099335
Somalia,SOM,2009,38.436584
Somalia,SOM,2010,43.701538
Somalia,SOM,2011,35.61274
Somalia,SOM,2012,35.71599
Somalia,SOM,2013,41.761215
Somalia,SOM,2014,47.70203
Somalia,SOM,2015,55.748325
Somalia,SOM,2016,56.015503
Somalia,SOM,2017,55.72852
Somalia,SOM,2018,51.46188
Somalia,SOM,2019,49.139416
Somalia,SOM,2020,52.2015
South Africa,ZAF,2000,4.0171046
South Africa,ZAF,2001,5.816384
South Africa,ZAF,2002,3.3908324
South Africa,ZAF,2003,2.880829
South Africa,ZAF,2004,2.8332722
South Africa,ZAF,2005,1.6196542
South Africa,ZAF,2006,2.494975
South Africa,ZAF,2007,1.2880763
South Africa,ZAF,2008,1.5661077
South Africa,ZAF,2009,1.2029239
South Africa,ZAF,2010,1.5736974
South Africa,ZAF,2011,1.8971709
South Africa,ZAF,2012,1.2532021
South Africa,ZAF,2013,1.6102558
South Africa,ZAF,2014,2.1459668
South Africa,ZAF,2015,0.89534664
South Africa,ZAF,2016,0.7691125
South Africa,ZAF,2017,3.9496753
South Africa,ZAF,2018,1.650733
South Africa,ZAF,2019,0.5287042
South Africa,ZAF,2020,0.7525036
South Asia (WB),,2000,19.048088
South Asia (WB),,2001,19.031332
South Asia (WB),,2002,17.749819
South Asia (WB),,2003,18.307434
South Asia (WB),,2004,19.1096
South Asia (WB),,2005,20.194515
South Asia (WB),,2006,16.346695
South Asia (WB),,2007,15.648157
South Asia (WB),,2008,15.974905
South Asia (WB),,2009,16.196228
South Asia (WB),,2010,15.971658
South Asia (WB),,2011,14.018237
South Asia (WB),,2012,11.196219
South Asia (WB),,2013,8.84005
South Asia (WB),,2014,8.838483
South Asia (WB),,2015,8.981343
South Asia (WB),,2016,9.496512
South Asia (WB),,2017,7.2624936
South Asia (WB),,2018,5.301241
South Asia (WB),,2019,4.2726774
South Asia (WB),,2020,3.1576624
South Korea,KOR,2000,1.2612519
South Korea,KOR,2001,0.7653989
South Korea,KOR,2002,0.5354218
South Korea,KOR,2003,0.34662783
South Korea,KOR,2004,0.25452638
South Korea,KOR,2005,0.40157533
South Korea,KOR,2006,0.59942174
South Korea,KOR,2007,0.64881015
South Korea,KOR,2008,0.30876282
South Korea,KOR,2009,0.25996426
South Korea,KOR,2010,0.36531982
South Korea,KOR,2011,0.1449055
South Korea,KOR,2012,0.112435095
South Korea,KOR,2013,0.10867715
South Korea,KOR,2014,0.15723124
South Korea,KOR,2015,0.17624162
South Korea,KOR,2016,0.16868222
South Korea,KOR,2017,0.12189844
South Korea,KOR,2018,0.1398653
South Korea,KOR,2019,0.13525678
South Korea,KOR,2020,0.099196345
South Sudan,SSD,2000,367.1643
South Sudan,SSD,2001,357.1814
South Sudan,SSD,2002,336.60754
South Sudan,SSD,2003,318.78833
South Sudan,SSD,2004,306.66302
South Sudan,SSD,2005,305.7484
South Sudan,SSD,2006,305.23166
South Sudan,SSD,2007,299.46997
South Sudan,SSD,2008,293.15256
South Sudan,SSD,2009,286.08032
South Sudan,SSD,2010,285.69644
South Sudan,SSD,2011,290.85797
South Sudan,SSD,2012,287.8003
South Sudan,SSD,2013,285.73834
South Sudan,SSD,2014,276.30542
South Sudan,SSD,2015,271.00064
South Sudan,SSD,2016,266.54785
South Sudan,SSD,2017,277.7837
South Sudan,SSD,2018,278.79065
South Sudan,SSD,2019,281.2589
South Sudan,SSD,2020,286.88663
Sri Lanka,LKA,2000,48.633095
Sri Lanka,LKA,2001,15.293479
Sri Lanka,LKA,2002,9.445145
Sri Lanka,LKA,2003,2.3770063
Sri Lanka,LKA,2004,0.83425933
Sri Lanka,LKA,2005,0.36482167
Sri Lanka,LKA,2006,0.13046144
Sri Lanka,LKA,2007,0.043386135
Sri Lanka,LKA,2008,0.14120004
Sri Lanka,LKA,2009,0.11472632
Sri Lanka,LKA,2010,0.14677484
Sri Lanka,LKA,2011,0.026429912
Sri Lanka,LKA,2012,0.004870305
Sri Lanka,LKA,2013,0
Sri Lanka,LKA,2014,0
Sri Lanka,LKA,2015,0
Sri Lanka,LKA,2016,0
Sri Lanka,LKA,2017,0
Sri Lanka,LKA,2018,0
Sri Lanka,LKA,2019,0
Sri Lanka,LKA,2020,0
Sub-Saharan Africa (WB),,2000,352.9751
Sub-Saharan Africa (WB),,2001,352.5089
Sub-Saharan Africa (WB),,2002,337.12613
Sub-Saharan Africa (WB),,2003,331.0365
Sub-Saharan Africa (WB),,2004,323.50687
Sub-Saharan Africa (WB),,2005,310.84402
Sub-Saharan Africa (WB),,2006,301.62808
Sub-Saharan Africa (WB),,2007,292.21127
Sub-Saharan Africa (WB),,2008,282.8658
Sub-Saharan Africa (WB),,2009,279.05106
Sub-Saharan Africa (WB),,2010,271.50955
Sub-Saharan Africa (WB),,2011,260.60822
Sub-Saharan Africa (WB),,2012,252.75252
Sub-Saharan Africa (WB),,2013,244.5236
Sub-Saharan Africa (WB),,2014,234.26096
Sub-Saharan Africa (WB),,2015,228.28384
Sub-Saharan Africa (WB),,2016,223.55537
Sub-Saharan Africa (WB),,2017,226.18808
Sub-Saharan Africa (WB),,2018,218.41994
Sub-Saharan Africa (WB),,2019,214.13008
Sub-Saharan Africa (WB),,2020,223.87862
Sudan,SDN,2000,92.77145
Sudan,SDN,2001,86.3527
Sudan,SDN,2002,66.654045
Sudan,SDN,2003,61.08878
Sudan,SDN,2004,55.37405
Sudan,SDN,2005,54.65162
Sudan,SDN,2006,52.67852
Sudan,SDN,2007,46.51382
Sudan,SDN,2008,38.63531
Sudan,SDN,2009,34.629757
Sudan,SDN,2010,32.729385
Sudan,SDN,2011,32.562878
Sudan,SDN,2012,33.06529
Sudan,SDN,2013,34.939293
Sudan,SDN,2014,38.572758
Sudan,SDN,2015,42.21243
Sudan,SDN,2016,53.25982
Sudan,SDN,2017,53.776505
Sudan,SDN,2018,59.18903
Sudan,SDN,2019,65.59086
Sudan,SDN,2020,73.39838
Suriname,SUR,2000,163.33131
Suriname,SUR,2001,227.35086
Suriname,SUR,2002,180.23166
Suriname,SUR,2003,152.38387
Suriname,SUR,2004,114.89934
Suriname,SUR,2005,123.7766
Suriname,SUR,2006,44.07016
Suriname,SUR,2007,14.622323
Suriname,SUR,2008,27.31153
Suriname,SUR,2009,32.34407
Suriname,SUR,2010,22.661259
Suriname,SUR,2011,10.057562
Suriname,SUR,2012,7.1176605
Suriname,SUR,2013,9.018371
Suriname,SUR,2014,4.9070597
Suriname,SUR,2015,0.9808195
Suriname,SUR,2016,0.91091055
Suriname,SUR,2017,0.22548717
Suriname,SUR,2018,0.3408837
Suriname,SUR,2019,1.1063622
Suriname,SUR,2020,1.696578
Syria,SYR,2000,0.00036561184
Syria,SYR,2001,0.0037574803
Syria,SYR,2002,0.00087798224
Syria,SYR,2003,0.000114842114
Syria,SYR,2004,0.000056092085
Syria,SYR,2005,0
Syria,SYR,2006,0
Syria,SYR,2007,0
Syria,SYR,2008,0
Syria,SYR,2009,0
Syria,SYR,2010,0
Syria,SYR,2011,0
Syria,SYR,2012,0
Syria,SYR,2013,0
Syria,SYR,2014,0
Syria,SYR,2015,0
Syria,SYR,2016,0
Syria,SYR,2017,0
Syria,SYR,2018,0
Syria,SYR,2019,0
Syria,SYR,2020,0
Tajikistan,TJK,2000,9.181926
Tajikistan,TJK,2001,5.3957057
Tajikistan,TJK,2002,2.869693
Tajikistan,TJK,2003,2.4843504
Tajikistan,TJK,2004,1.6124117
Tajikistan,TJK,2005,1.0182428
Tajikistan,TJK,2006,0.58127844
Tajikistan,TJK,2007,0.26918983
Tajikistan,TJK,2008,0.13205355
Tajikistan,TJK,2009,0.06667136
Tajikistan,TJK,2010,0.04454786
Tajikistan,TJK,2011,0.03033878
Tajikistan,TJK,2012,0.010645598
Tajikistan,TJK,2013,0.0014859024
Tajikistan,TJK,2014,0.0007255725
Tajikistan,TJK,2015,0
Tajikistan,TJK,2016,0
Tajikistan,TJK,2017,0
Tajikistan,TJK,2018,0
Tajikistan,TJK,2019,0
Tanzania,TZA,2000,339.9335
Tanzania,TZA,2001,328.4191
Tanzania,TZA,2002,302.44598
Tanzania,TZA,2003,283.7147
Tanzania,TZA,2004,267.09583
Tanzania,TZA,2005,248.37839
Tanzania,TZA,2006,226.71294
Tanzania,TZA,2007,198.62619
Tanzania,TZA,2008,171.066
Tanzania,TZA,2009,151.1039
Tanzania,TZA,2010,137.37315
Tanzania,TZA,2011,127.433784
Tanzania,TZA,2012,124.63892
Tanzania,TZA,2013,134.51852
Tanzania,TZA,2014,144.90892
Tanzania,TZA,2015,140.3043
Tanzania,TZA,2016,131.28261
Tanzania,TZA,2017,123.57074
Tanzania,TZA,2018,114.924995
Tanzania,TZA,2019,111.84003
Tanzania,TZA,2020,120.173325
Thailand,THA,2000,6.576403
Thailand,THA,2001,5.2688866
Thailand,THA,2002,3.6647408
Thailand,THA,2003,3.0496411
Thailand,THA,2004,2.1640232
Thailand,THA,2005,2.3991861
Thailand,THA,2006,2.4257348
Thailand,THA,2007,2.6418324
Thailand,THA,2008,2.2629058
Thailand,THA,2009,2.3219175
Thailand,THA,2010,2.5472655
Thailand,THA,2011,1.9432127
Thailand,THA,2012,3.6430228
Thailand,THA,2013,3.217204
Thailand,THA,2014,3.173805
Thailand,THA,2015,0.61521864
Thailand,THA,2016,0.56754297
Thailand,THA,2017,0.43355593
Thailand,THA,2018,0.30945575
Thailand,THA,2019,0.24204993
Thailand,THA,2020,0.22702488
Togo,TGO,2000,445.7839
Togo,TGO,2001,441.94067
Togo,TGO,2002,444.37662
Togo,TGO,2003,453.68304
Togo,TGO,2004,465.79904
Togo,TGO,2005,461.28702
Togo,TGO,2006,445.59814
Togo,TGO,2007,422.67294
Togo,TGO,2008,378.96613
Togo,TGO,2009,335.35556
Togo,TGO,2010,318.57193
Togo,TGO,2011,316.85132
Togo,TGO,2012,341.31396
Togo,TGO,2013,367.1621
Togo,TGO,2014,364.9671
Togo,TGO,2015,352.47153
Togo,TGO,2016,320.32828
Togo,TGO,2017,273.56128
Togo,TGO,2018,244.91884
Togo,TGO,2019,229.14313
Togo,TGO,2020,228.8581
Turkey,TUR,2000,2.7810943
Turkey,TUR,2001,2.5912554
Turkey,TUR,2002,2.4144824
Turkey,TUR,2003,2.1467426
Turkey,TUR,2004,1.2172527
Turkey,TUR,2005,0.47216353
Turkey,TUR,2006,0.17810826
Turkey,TUR,2007,0.06920461
Turkey,TUR,2008,0.036266632
Turkey,TUR,2009,0.008196914
Turkey,TUR,2010,0
Turkey,TUR,2011,0
Turkey,TUR,2012,0
Turkey,TUR,2013,0
Turkey,TUR,2014,0
Turkey,TUR,2015,0
Turkey,TUR,2016,0
Turkey,TUR,2017,0
Turkey,TUR,2019,0
Turkmenistan,TKM,2000,0.08175835
Turkmenistan,TKM,2001,0.026966443
Turkmenistan,TKM,2002,0.06006988
Turkmenistan,TKM,2003,0.023131091
Turkmenistan,TKM,2004,0.009812901
Turkmenistan,TKM,2005,0.0032357015
Turkmenistan,TKM,2006,0.0031983932
Turkmenistan,TKM,2007,0
Turkmenistan,TKM,2008,0
Turkmenistan,TKM,2009,0
Turkmenistan,TKM,2010,0
Turkmenistan,TKM,2011,0
Turkmenistan,TKM,2012,0
Turkmenistan,TKM,2013,0
Turkmenistan,TKM,2014,0
Turkmenistan,TKM,2015,0
Turkmenistan,TKM,2016,0
Turkmenistan,TKM,2017,0
Turkmenistan,TKM,2018,0
Turkmenistan,TKM,2019,0
Uganda,UGA,2000,487.22552
Uganda,UGA,2001,507.9744
Uganda,UGA,2002,500.15256
Uganda,UGA,2003,484.1247
Uganda,UGA,2004,449.82468
Uganda,UGA,2005,433.6453
Uganda,UGA,2006,421.3104
Uganda,UGA,2007,415.41354
Uganda,UGA,2008,417.9607
Uganda,UGA,2009,423.05133
Uganda,UGA,2010,409.43665
Uganda,UGA,2011,394.67972
Uganda,UGA,2012,376.55597
Uganda,UGA,2013,332.34442
Uganda,UGA,2014,294.28238
Uganda,UGA,2015,253.51479
Uganda,UGA,2016,283.13715
Uganda,UGA,2017,294.90326
Uganda,UGA,2018,262.6916
Uganda,UGA,2019,262.69156
Uganda,UGA,2020,283.81754
United Arab Emirates,ARE,2012,0
United Arab Emirates,ARE,2013,0
United Arab Emirates,ARE,2014,0
United Arab Emirates,ARE,2015,0
United Arab Emirates,ARE,2016,0
United Arab Emirates,ARE,2017,0
United Arab Emirates,ARE,2018,0
United Arab Emirates,ARE,2019,0
United Arab Emirates,ARE,2020,0
Upper-middle-income countries,,2000,3.333185
Upper-middle-income countries,,2001,3.063772
Upper-middle-income countries,,2002,2.7402947
Upper-middle-income countries,,2003,2.59311
Upper-middle-income countries,,2004,2.4850729
Upper-middle-income countries,,2005,2.532257
Upper-middle-income countries,,2006,2.3070612
Upper-middle-income countries,,2007,2.048722
Upper-middle-income countries,,2008,1.6014125
Upper-middle-income countries,,2009,1.6139117
Upper-middle-income countries,,2010,1.784542
Upper-middle-income countries,,2011,1.6051275
Upper-middle-income countries,,2012,1.7081032
Upper-middle-income countries,,2013,1.7572705
Upper-middle-income countries,,2014,1.7431225
Upper-middle-income countries,,2015,1.7716751
Upper-middle-income countries,,2016,1.6780862
Upper-middle-income countries,,2017,1.8124105
Upper-middle-income countries,,2018,1.6956602
Upper-middle-income countries,,2019,1.551368
Upper-middle-income countries,,2020,1.6080079
Uzbekistan,UZB,2000,5.0870037
Uzbekistan,UZB,2001,3.0667517
Uzbekistan,UZB,2002,2.9098344
Uzbekistan,UZB,2003,2.873898
Uzbekistan,UZB,2004,2.530966
Uzbekistan,UZB,2005,3.859689
Uzbekistan,UZB,2006,2.723474
Uzbekistan,UZB,2007,1.102779
Uzbekistan,UZB,2008,0.2533845
Uzbekistan,UZB,2009,0
Uzbekistan,UZB,2010,0.105207786
Uzbekistan,UZB,2011,0
Uzbekistan,UZB,2012,0
Uzbekistan,UZB,2013,0
Uzbekistan,UZB,2014,0
Uzbekistan,UZB,2015,0
Uzbekistan,UZB,2016,0
Uzbekistan,UZB,2017,0
Uzbekistan,UZB,2018,0
Uzbekistan,UZB,2019,0
Vanuatu,VUT,2000,125.2514
Vanuatu,VUT,2001,98.84308
Vanuatu,VUT,2002,189.01442
Vanuatu,VUT,2003,214.55066
Vanuatu,VUT,2004,200.38898
Vanuatu,VUT,2005,122.43767
Vanuatu,VUT,2006,107.020744
Vanuatu,VUT,2007,124.448654
Vanuatu,VUT,2008,119.141075
Vanuatu,VUT,2009,64.65749
Vanuatu,VUT,2010,88.78315
Vanuatu,VUT,2011,47.931656
Vanuatu,VUT,2012,33.642612
Vanuatu,VUT,2013,20.753048
Vanuatu,VUT,2014,9.197083
Vanuatu,VUT,2015,2.9100647
Vanuatu,VUT,2016,15.007581
Vanuatu,VUT,2017,7.9369807
Vanuatu,VUT,2018,3.987358
Vanuatu,VUT,2019,3.4913733
Vanuatu,VUT,2020,2.9627218
Venezuela,VEN,2000,2.9362056
Venezuela,VEN,2001,1.9340701
Venezuela,VEN,2002,2.7911103
Venezuela,VEN,2003,2.9360168
Venezuela,VEN,2004,4.2300925
Venezuela,VEN,2005,4.008634
Venezuela,VEN,2006,3.2504797
Venezuela,VEN,2007,3.5844624
Venezuela,VEN,2008,2.712566
Venezuela,VEN,2009,2.9914727
Venezuela,VEN,2010,4.0720897
Venezuela,VEN,2011,3.7084768
Venezuela,VEN,2012,4.2130966
Venezuela,VEN,2013,6.189104
Venezuela,VEN,2014,7.061818
Venezuela,VEN,2015,10.615113
Venezuela,VEN,2016,18.886782
Venezuela,VEN,2017,32.82832
Venezuela,VEN,2018,32.90131
Venezuela,VEN,2019,32.783268
Venezuela,VEN,2020,16.299301
Vietnam,VNM,2000,3.419993
Vietnam,VNM,2001,3.1113493
Vietnam,VNM,2002,2.1875706
Vietnam,VNM,2003,1.5924714
Vietnam,VNM,2004,0.9239194
Vietnam,VNM,2005,0.65719545
Vietnam,VNM,2006,0.6994621
Vietnam,VNM,2007,0.44512364
Vietnam,VNM,2008,0.2817947
Vietnam,VNM,2009,0.3560432
Vietnam,VNM,2010,0.3541351
Vietnam,VNM,2011,0.3085016
Vietnam,VNM,2012,0.36018297
Vietnam,VNM,2013,0.3103897
Vietnam,VNM,2014,0.2819856
Vietnam,VNM,2015,0.16519284
Vietnam,VNM,2016,0.072798975
Vietnam,VNM,2017,0.07867224
Vietnam,VNM,2018,0.053638127
Vietnam,VNM,2019,0.052636378
Vietnam,VNM,2020,0.02309811
World,OWID_WRL,2000,81.59621
World,OWID_WRL,2001,82.01685
World,OWID_WRL,2002,78.93389
World,OWID_WRL,2003,78.55565
World,OWID_WRL,2004,78.04392
World,OWID_WRL,2005,76.434166
World,OWID_WRL,2006,73.703
World,OWID_WRL,2007,71.72126
World,OWID_WRL,2008,70.37715
World,OWID_WRL,2009,70.56515
World,OWID_WRL,2010,69.485344
World,OWID_WRL,2011,66.507935
World,OWID_WRL,2012,64.27409
World,OWID_WRL,2013,61.761402
World,OWID_WRL,2014,59.83102
World,OWID_WRL,2015,58.873123
World,OWID_WRL,2016,58.70454
World,OWID_WRL,2017,59.151703
World,OWID_WRL,2018,57.229126
World,OWID_WRL,2019,56.273823
World,OWID_WRL,2020,59.523373
Yemen,YEM,2000,93.98675
Yemen,YEM,2001,101.930084
Yemen,YEM,2002,109.94666
Yemen,YEM,2003,97.0978
Yemen,YEM,2004,75.89993
Yemen,YEM,2005,77.354355
Yemen,YEM,2006,90.1086
Yemen,YEM,2007,62.124386
Yemen,YEM,2008,38.252323
Yemen,YEM,2009,48.35524
Yemen,YEM,2010,75.82274
Yemen,YEM,2011,51.648922
Yemen,YEM,2012,54.566048
Yemen,YEM,2013,43.202286
Yemen,YEM,2014,35.27508
Yemen,YEM,2015,30.076366
Yemen,YEM,2016,37.751553
Yemen,YEM,2017,41.635307
Yemen,YEM,2018,47.40648
Yemen,YEM,2019,44.78734
Yemen,YEM,2020,40.568405
Zambia,ZMB,2000,397.11148
Zambia,ZMB,2001,404.154
Zambia,ZMB,2002,371.4539
Zambia,ZMB,2003,348.52365
Zambia,ZMB,2004,301.79346
Zambia,ZMB,2005,258.44836
Zambia,ZMB,2006,222.49312
Zambia,ZMB,2007,193.43678
Zambia,ZMB,2008,172.55988
Zambia,ZMB,2009,165.21904
Zambia,ZMB,2010,168.47548
Zambia,ZMB,2011,180.51195
Zambia,ZMB,2012,200.34859
Zambia,ZMB,2013,227.61346
Zambia,ZMB,2014,232.31857
Zambia,ZMB,2015,219.32274
Zambia,ZMB,2016,205.96873
Zambia,ZMB,2017,185.24722
Zambia,ZMB,2018,178.83968
Zambia,ZMB,2019,174.3987
Zambia,ZMB,2020,186.89862
Zimbabwe,ZWE,2000,113.03278
Zimbabwe,ZWE,2001,113.03278
Zimbabwe,ZWE,2002,113.03282
Zimbabwe,ZWE,2003,113.032875
Zimbabwe,ZWE,2004,113.03279
Zimbabwe,ZWE,2005,113.03287
Zimbabwe,ZWE,2006,113.03282
Zimbabwe,ZWE,2007,175.12047
Zimbabwe,ZWE,2008,74.72573
Zimbabwe,ZWE,2009,90.14505
Zimbabwe,ZWE,2010,109.79371
Zimbabwe,ZWE,2011,70.67823
Zimbabwe,ZWE,2012,57.218678
Zimbabwe,ZWE,2013,81.95161
Zimbabwe,ZWE,2014,101.89351
Zimbabwe,ZWE,2015,97.61002
Zimbabwe,ZWE,2016,68.37583
Zimbabwe,ZWE,2017,118.824394
Zimbabwe,ZWE,2018,55.82633
Zimbabwe,ZWE,2019,67.87406
Zimbabwe,ZWE,2020,98.50933